Destination Port,Flow Duration,Total Fwd Packets,Total Backward Packets,Total Length of Fwd Packets,Total Length of Bwd Packets,Fwd Packet Length Max,Fwd Packet Length Min,Fwd Packet Length Mean,Fwd Packet Length Std,Bwd Packet Length Max,Bwd Packet Length Min,Bwd Packet Length Mean,Bwd Packet Length Std,Flow Bytes/s,Flow Packets/s,Flow IAT Mean,Flow IAT Std,Flow IAT Max,Flow IAT Min,Fwd IAT Total,Fwd IAT Mean,Fwd IAT Std,Fwd IAT Max,Fwd IAT Min,Bwd IAT Total,Bwd IAT Mean,Bwd IAT Std,Bwd IAT Max,Bwd IAT Min,Fwd PSH Flags,Bwd PSH Flags,Fwd URG Flags,Bwd URG Flags,Fwd Header Length,Bwd Header Length,Fwd Packets/s,Bwd Packets/s,Min Packet Length,Max Packet Length,Packet Length Mean,Packet Length Std,Packet Length Variance,FIN Flag Count,SYN Flag Count,RST Flag Count,PSH Flag Count,ACK Flag Count,URG Flag Count,CWE Flag Count,ECE Flag Count,Down/Up Ratio,Average Packet Size,Avg Fwd Segment Size,Avg Bwd Segment Size,Fwd Header Length.1,Fwd Avg Bytes/Bulk,Fwd Avg Packets/Bulk,Fwd Avg Bulk Rate,Bwd Avg Bytes/Bulk,Bwd Avg Packets/Bulk,Bwd Avg Bulk Rate,Subflow Fwd Packets,Subflow Fwd Bytes,Subflow Bwd Packets,Subflow Bwd Bytes,Init_Win_bytes_forward,Init_Win_bytes_backward,act_data_pkt_fwd,min_seg_size_forward,Active Mean,Active Std,Active Max,Active Min,Idle Mean,Idle Std,Idle Max,Idle Min,Label,anomaly_label,anomaly_score,cluster,pred_cluster,Alert_Type
53,146,2,2,70,102,35,35,35.0,0.0,51,51,51.0,0.0,1178082.19178082,27397.2602739726,48.6666666667,79.096986879,140,3,3,3.0,0.0,3,3,3,3.0,0.0,3,3,0,0,0,0,40,40,13698.6301369863,13698.6301369863,35,51,41.4,8.7635609201,76.8,0,0,0,0,0,0,0,0,1,51.75,35.0,51.0,40,0,0,0,0,0,0,2,70,2,102,-1,-1,1,20,0.0,0.0,0,0,0.0,0.0,0,0,BENIGN,1,0.22964814860286997,,,
53,205,2,2,64,152,32,32,32.0,0.0,76,76,76.0,0.0,1053658.53658537,19512.1951219512,68.3333333333,79.7767718909,156,0,0,0.0,0.0,0,0,49,49.0,0.0,49,49,0,0,0,0,80,80,9756.0975609756,9756.0975609756,32,76,49.6,24.0997925302,580.8,0,0,0,0,0,0,0,0,1,62.0,32.0,76.0,80,0,0,0,0,0,0,2,64,2,152,-1,-1,1,40,0.0,0.0,0,0,0.0,0.0,0,0,BENIGN,1,0.22199585766077984,,,
80,5447453,3,1,12,0,6,0,4.0,3.4641016151,0,0,0.0,0.0,2.2028643478,0.7342881159,1815817.66666667,3100997.08108736,5396421,164,5447453,2723726.5,3779760.80997998,5396421,51032,0,0.0,0.0,0,0,0,0,0,0,72,32,0.5507160869,0.183572029,0,6,2.4,3.286335345,10.8,0,0,0,1,0,0,0,0,0,3.0,4.0,0.0,72,0,0,0,0,0,0,3,12,1,0,8192,29200,2,20,0.0,0.0,0,0,0.0,0.0,0,0,BENIGN,1,0.19109814766335642,,,
443,191640,10,15,1081,16327,517,0,108.1,205.6909494039,4380,0,1088.4666666667,1274.9062635945,90836.9860154456,130.4529325819,7985.0,12899.1364523906,39075,9,191499,21277.6666666667,22007.4420480891,69644,88,164010,11715.0,25900.4495862375,90049,40,0,0,0,0,212,312,52.1811730328,78.2717595492,0,4380,669.5384615385,1083.8654614211,1174764.33846154,0,0,0,1,0,0,0,0,1,696.32,108.1,1088.4666666667,212,0,0,0,0,0,0,10,1081,15,16327,8192,131,9,20,0.0,0.0,0,0,0.0,0.0,0,0,BENIGN,1,0.1320699819867156,,,
6373,2,2,0,2071,0,2065,6,1035.5,1455.932862,0,0,0.0,0.0,1040000000.0,1000000.0,2.0,0.0,2,2,2,2.0,0.0,2,2,0,0.0,0.0,0,0,1,0,0,0,40,0,1000000.0,0.0,6,2065,1378.666667,1188.764204,1413160.333,0,1,0,0,1,0,0,0,0,2068.0,1035.5,0.0,40,0,0,0,0,0,0,2,2071,0,0,256,-1,1,20,0.0,0.0,0,0,0.0,0.0,0,0,BENIGN,1,0.019870664480693634,,,
53,79182,1,1,52,116,52,52,52.0,0.0,116,116,116.0,0.0,2121.6943244677,25.2582657675,79182.0,0.0,79182,79182,0,0.0,0.0,0,0,0,0.0,0.0,0,0,0,0,0,0,20,32,12.6291328837,12.6291328837,52,116,73.3333333333,36.9504172281,1365.3333333333,0,0,0,0,0,0,0,0,1,110.0,52.0,116.0,20,0,0,0,0,0,0,1,52,1,116,-1,-1,0,20,0.0,0.0,0,0,0.0,0.0,0,0,BENIGN,1,0.22415902489428013,,,
80,119883,2,0,12,0,6,6,6.0,0.0,0,0,0.0,0.0,100.0975951553,16.6829325259,119883.0,0.0,119883,119883,119883,119883.0,0.0,119883,119883,0,0.0,0.0,0,0,0,0,0,0,40,0,16.6829325259,0.0,6,6,6.0,0.0,0.0,0,0,0,0,1,0,0,0,0,9.0,6.0,0.0,40,0,0,0,0,0,0,2,12,0,0,256,-1,1,20,0.0,0.0,0,0,0.0,0.0,0,0,BENIGN,1,0.21986909656811338,,,
53,95691,2,2,84,256,42,42,42.0,0.0,128,128,128.0,0.0,3553.1032176485,41.8012143253,31897.0,55201.3302647681,95638,3,3,3.0,0.0,3,3,50,50.0,0.0,50,50,0,0,0,0,40,64,20.9006071626,20.9006071626,42,128,76.4,47.1041399454,2218.8,0,0,0,0,0,0,0,0,1,95.5,42.0,128.0,40,0,0,0,0,0,0,2,84,2,256,-1,-1,1,20,0.0,0.0,0,0,0.0,0.0,0,0,BENIGN,1,0.2273824656051222,,,
88,380,2,2,356,358,178,178,178.0,0.0,179,179,179.0,0.0,1878947.36842105,10526.3157894737,126.6666666667,213.3315104089,373,3,4,4.0,0.0,4,4,3,3.0,0.0,3,3,0,0,0,0,40,40,5263.1578947369,5263.1578947369,178,179,178.4,0.5477225575,0.3,0,0,0,0,0,0,0,0,1,223.0,178.0,179.0,40,0,0,0,0,0,0,2,356,2,358,-1,-1,1,20,0.0,0.0,0,0,0.0,0.0,0,0,BENIGN,1,0.179261968225843,,,
443,185735,10,5,810,463,565,0,81.0,176.3928695964,325,0,92.6,142.9993006976,6853.8509166285,80.7602228982,13266.7857142857,19360.8878538411,55240,48,185735,20637.2222222222,24970.3444448499,55403,48,94066,23516.5,17108.1485750699,36781,737,0,0,0,0,332,168,53.8401485988,26.9200742994,0,565,79.5625,156.8493836987,24601.7291666667,0,0,0,1,0,0,0,0,0,84.8666666667,81.0,92.6,332,0,0,0,0,0,0,10,810,5,463,65535,349,5,32,0.0,0.0,0,0,0.0,0.0,0,0,BENIGN,1,0.19282581276232186,,,
53,597,1,1,51,111,51,51,51.0,0.0,111,111,111.0,0.0,271356.783919598,3350.0837520938,597.0,0.0,597,597,0,0.0,0.0,0,0,0,0.0,0.0,0,0,0,0,0,0,32,32,1675.0418760469,1675.0418760469,51,111,71.0,34.6410161514,1200.0,0,0,0,0,0,0,0,0,1,106.5,51.0,111.0,32,0,0,0,0,0,0,1,51,1,111,-1,-1,0,32,0.0,0.0,0,0,0.0,0.0,0,0,BENIGN,1,0.2217631459568432,,,
53,30926,2,2,68,158,34,34,34.0,0.0,79,79,79.0,0.0,7307.7669275044,129.3410075664,10308.6666666667,17849.072254135,30919,3,4,4.0,0.0,4,4,3,3.0,0.0,3,3,0,0,0,0,64,64,64.6705037832,64.6705037832,34,79,52.0,24.6475150877,607.5,0,0,0,0,0,0,0,0,1,65.0,34.0,79.0,64,0,0,0,0,0,0,2,68,2,158,-1,-1,1,32,0.0,0.0,0,0,0.0,0.0,0,0,BENIGN,1,0.2301946791779909,,,
443,47,2,0,0,0,0,0,0.0,0.0,0,0,0.0,0.0,0.0,42553.1914893617,47.0,0.0,47,47,47,47.0,0.0,47,47,0,0.0,0.0,0,0,0,0,0,0,64,0,42553.1914893617,0.0,0,0,0.0,0.0,0.0,0,0,0,0,1,0,0,0,0,0.0,0.0,0.0,64,0,0,0,0,0,0,2,0,0,0,1324,-1,0,32,0.0,0.0,0,0,0.0,0.0,0,0,BENIGN,1,0.22550944851886434,,,
53,70788,2,2,88,664,44,44,44.0,0.0,332,332,332.0,0.0,10623.2694807029,56.5067525569,23596.0,40863.4086806277,70781,3,3,3.0,0.0,3,3,4,4.0,0.0,4,4,0,0,0,0,64,64,28.2533762785,28.2533762785,44,332,159.2,157.7440965615,24883.2,0,0,0,0,0,0,0,0,1,199.0,44.0,332.0,64,0,0,0,0,0,0,2,88,2,664,-1,-1,1,32,0.0,0.0,0,0,0.0,0.0,0,0,BENIGN,1,0.1896842871295209,,,
443,117276581,20,23,16056,7463,5520,0,802.8,1554.228581712,1430,0,324.4782608696,545.2529746128,200.5430223107,0.3666546179,2792299.54761905,12572894.8584605,58690978,1,117276581,6172451.63157895,18399572.7062396,58767772,3,117183138,5326506.27272727,17181970.535622,58727583,1,0,0,0,0,412,472,0.1705370316,0.1961175863,0,5520,534.5227272727,1132.7823225003,1283195.79016913,0,0,0,1,0,0,0,0,1,546.9534883721,802.8,324.4782608696,412,0,0,0,0,0,0,20,16056,23,7463,8192,597,19,20,246035.5,215645.64795168,398520,93551,58345480.0,488607.95737278,58690978,57999982,BENIGN,-1,-0.034921296266616775,,,
36702,1441,2,0,0,0,0,0,0.0,0.0,0,0,0.0,0.0,0.0,1387.9250520472,1441.0,0.0,1441,1441,1441,1441.0,0.0,1441,1441,0,0.0,0.0,0,0,0,0,0,0,64,0,1387.9250520472,0.0,0,0,0.0,0.0,0.0,0,0,0,0,1,0,0,0,0,0.0,0.0,0.0,64,0,0,0,0,0,0,2,0,0,0,126,-1,0,32,0.0,0.0,0,0,0.0,0.0,0,0,BENIGN,1,0.22405540184000816,,,
53,31018,2,2,70,126,35,35,35.0,0.0,63,63,63.0,0.0,6318.9115997163,128.957379586,10339.3333333333,17904.7865760342,31014,1,1,1.0,0.0,1,1,3,3.0,0.0,3,3,0,0,0,0,64,64,64.478689793,64.478689793,35,63,46.2,15.3362316101,235.2,0,0,0,0,0,0,0,0,1,57.75,35.0,63.0,64,0,0,0,0,0,0,2,70,2,126,-1,-1,1,32,0.0,0.0,0,0,0.0,0.0,0,0,BENIGN,1,0.23044374087731678,,,
53,61399,2,2,68,690,34,34,34.0,0.0,345,345,345.0,0.0,12345.4779393801,65.1476408411,20466.3333333333,35364.7247173413,61302,48,49,49.0,0.0,49,49,48,48.0,0.0,48,48,0,0,0,0,80,64,32.5738204205,32.5738204205,34,345,158.4,170.3417153841,29016.3,0,0,0,0,0,0,0,0,1,198.0,34.0,345.0,80,0,0,0,0,0,0,2,68,2,690,-1,-1,1,40,0.0,0.0,0,0,0.0,0.0,0,0,BENIGN,1,0.18745894373356997,,,
80,13134,2,0,0,0,0,0,0.0,0.0,0,0,0.0,0.0,0.0,152.2765342,13134.0,0.0,13134,13134,13134,13134.0,0.0,13134,13134,0,0.0,0.0,0,0,0,0,0,0,64,0,152.2765342,0.0,0,0,0.0,0.0,0.0,0,0,0,0,1,0,0,0,0,0.0,0.0,0.0,64,0,0,0,0,0,0,2,0,0,0,242,-1,0,32,0.0,0.0,0,0,0.0,0.0,0,0,BENIGN,1,0.22410608018410222,,,
80,10118155,5,5,1503,800,1448,0,300.6,641.858084003,800,0,160.0,357.7708764,227.6106661738,0.9883224758,1124239.44444444,3328210.4718159,9999378,187,118777,29694.25,21766.4767379412,53379,612,10086080,2521520.0,4985375.67337875,9999579,21107,0,0,0,0,172,168,0.4941612379,0.4941612379,0,1448,209.3636363636,475.1383530567,225756.454545455,0,0,0,1,0,0,0,0,1,230.3,300.6,160.0,172,0,0,0,0,0,0,5,1503,5,800,65535,58,2,32,0.0,0.0,0,0,0.0,0.0,0,0,BENIGN,1,0.13358902808715795,,,
53,31257,2,2,76,108,38,38,38.0,0.0,54,54,54.0,0.0,5886.6813833701,127.9713344211,10419.0,18042.7732901569,31253,1,3,3.0,0.0,3,3,1,1.0,0.0,1,1,0,0,0,0,64,64,63.9856672105,63.9856672105,38,54,44.4,8.7635609201,76.8,0,0,0,0,0,0,0,0,1,55.5,38.0,54.0,64,0,0,0,0,0,0,2,76,2,108,-1,-1,1,32,0.0,0.0,0,0,0.0,0.0,0,0,BENIGN,1,0.23082974684014645,,,
56013,3,2,0,37,0,31,6,18.5,17.67766953,0,0,0.0,0.0,12300000.0,666666.6667,3.0,0.0,3,3,3,3.0,0.0,3,3,0,0.0,0.0,0,0,1,0,0,0,40,0,666666.6667,0.0,6,31,22.66666667,14.43375673,208.3333333,0,1,0,0,1,0,0,0,0,34.0,18.5,0.0,40,0,0,0,0,0,0,2,37,0,0,946,-1,1,20,0.0,0.0,0,0,0.0,0.0,0,0,BENIGN,1,0.15948279724654263,,,
51551,41,3,1,43,6,31,6,14.3333333333,14.4337567297,6,6,6.0,0.0,1195121.95121951,97560.9756097561,13.6666666667,20.231987874,37,1,4,2.0,1.4142135624,3,1,0,0.0,0.0,0,0,0,0,0,0,60,20,73170.7317073171,24390.243902439,6,31,11.0,11.1803398875,125.0,0,0,0,0,1,0,0,0,0,13.75,14.3333333333,6.0,60,0,0,0,0,0,0,3,43,1,6,1676,0,2,20,0.0,0.0,0,0,0.0,0.0,0,0,BENIGN,1,0.21106669131718336,,,
53,313,2,2,88,344,44,44,44.0,0.0,172,172,172.0,0.0,1380191.69329073,12779.552715655,104.3333333333,174.6491721519,306,3,3,3.0,0.0,3,3,4,4.0,0.0,4,4,0,0,0,0,64,64,6389.7763578275,6389.7763578275,44,172,95.2,70.1084873607,4915.2,0,0,0,0,0,0,0,0,1,119.0,44.0,172.0,64,0,0,0,0,0,0,2,88,2,344,-1,-1,1,32,0.0,0.0,0,0,0.0,0.0,0,0,BENIGN,1,0.21170184970783124,,,
53,237,2,2,64,220,32,32,32.0,0.0,110,110,110.0,0.0,1198312.23628692,16877.6371308017,79.0,135.0999629904,235,1,1,1.0,0.0,1,1,1,1.0,0.0,1,1,0,0,0,0,64,64,8438.8185654009,8438.8185654009,32,110,63.2,42.7223594854,1825.2,0,0,0,0,0,0,0,0,1,79.0,32.0,110.0,64,0,0,0,0,0,0,2,64,2,220,-1,-1,1,32,0.0,0.0,0,0,0.0,0.0,0,0,BENIGN,1,0.22568723821719205,,,
59196,680216,6,2,11607,26,5840,0,1934.5,2992.388862,20,6,13.0,9.899494937,17101.92057,11.76097004,97173.71429,256754.0516,679437,3,680216,136043.2,303766.4755,679437,4,3,3.0,0.0,3,3,0,0,0,0,144,40,8.820727534,2.940242511,0,5840,1292.555556,2554.159212,6523729.278,0,0,0,1,0,0,0,0,0,1454.125,1934.5,13.0,144,0,0,0,0,0,0,6,11607,2,26,8192,256,4,20,0.0,0.0,0,0,0.0,0.0,0,0,BENIGN,1,0.03130172660014996,,,
443,39,2,0,37,0,37,0,18.5,26.1629509039,0,0,0.0,0.0,948717.948717949,51282.0512820513,39.0,0.0,39,39,39,39.0,0.0,39,39,0,0.0,0.0,0,0,1,0,0,0,64,0,51282.0512820513,0.0,0,37,24.6666666667,21.36195996,456.3333333333,0,1,0,0,1,0,0,0,0,37.0,18.5,0.0,64,0,0,0,0,0,0,2,37,0,0,33285,-1,0,32,0.0,0.0,0,0,0.0,0.0,0,0,BENIGN,1,0.18430245846157683,,,
45763,3,2,0,0,0,0,0,0.0,0.0,0,0,0.0,0.0,0.0,666666.666666667,3.0,0.0,3,3,3,3.0,0.0,3,3,0,0.0,0.0,0,0,0,0,0,0,64,0,666666.666666667,0.0,0,0,0.0,0.0,0.0,0,0,0,0,1,0,0,0,0,0.0,0.0,0.0,64,0,0,0,0,0,0,2,0,0,0,340,-1,0,32,0.0,0.0,0,0,0.0,0.0,0,0,BENIGN,1,0.19700342161095513,,,
33646,3,2,0,0,0,0,0,0.0,0.0,0,0,0.0,0.0,0.0,666666.666666667,3.0,0.0,3,3,3,3.0,0.0,3,3,0,0.0,0.0,0,0,0,0,0,0,64,0,666666.666666667,0.0,0,0,0.0,0.0,0.0,0,0,0,0,1,0,0,0,0,0.0,0.0,0.0,64,0,0,0,0,0,0,2,0,0,0,179,-1,0,32,0.0,0.0,0,0,0.0,0.0,0,0,BENIGN,1,0.19789135708887123,,,
53024,93,1,1,0,0,0,0,0.0,0.0,0,0,0.0,0.0,0.0,21505.376344086,93.0,0.0,93,93,0,0.0,0.0,0,0,0,0.0,0.0,0,0,0,0,0,0,32,32,10752.688172043,10752.688172043,0,0,0.0,0.0,0.0,0,0,0,0,1,1,0,0,1,0.0,0.0,0.0,32,0,0,0,0,0,0,1,0,1,0,229,229,0,32,0.0,0.0,0,0,0.0,0.0,0,0,BENIGN,1,0.20619869629348153,,,
123,27260,1,1,48,48,48,48,48.0,0.0,48,48,48.0,0.0,3521.6434336024,73.3675715334,27260.0,0.0,27260,27260,0,0.0,0.0,0,0,0,0.0,0.0,0,0,0,0,0,0,20,20,36.6837857667,36.6837857667,48,48,48.0,0.0,0.0,0,0,0,0,0,0,0,0,1,72.0,48.0,48.0,20,0,0,0,0,0,0,1,48,1,48,-1,-1,0,20,0.0,0.0,0,0,0.0,0.0,0,0,BENIGN,1,0.22572492999260835,,,
53,31135,2,2,72,328,36,36,36.0,0.0,164,164,164.0,0.0,12847.2779829774,128.4727798298,10378.3333333333,17969.7384603486,31128,3,4,4.0,0.0,4,4,3,3.0,0.0,3,3,0,0,0,0,40,64,64.2363899149,64.2363899149,36,164,87.2,70.1084873607,4915.2,0,0,0,0,0,0,0,0,1,109.0,36.0,164.0,40,0,0,0,0,0,0,2,72,2,328,-1,-1,1,20,0.0,0.0,0,0,0.0,0.0,0,0,BENIGN,1,0.22223051382260534,,,
53,47988,4,2,176,202,44,44,44.0,0.0,101,101,101.0,0.0,7876.9692423106,125.0312578145,9597.6,14979.1873878392,34165,3,34171,11390.3333333333,19723.439896056,34165,3,3,3.0,0.0,3,3,0,0,0,0,104,64,83.3541718763,41.6770859382,44,101,60.2857142857,27.813152079,773.5714285714,0,0,0,0,0,0,0,0,0,70.3333333333,44.0,101.0,104,0,0,0,0,0,0,4,176,2,202,-1,-1,3,20,0.0,0.0,0,0,0.0,0.0,0,0,BENIGN,1,0.21908249817669367,,,
443,11026121,7,6,1630,2402,1324,0,232.8571428571,488.5858602714,1460,0,400.3333333333,601.218983954,365.677104396,1.1790184418,918843.416666667,3127852.29562719,10850861,120,11026121,1837686.83333333,4415634.25140522,10850861,140,124514,24902.8,25370.7576098941,51203,186,0,0,0,0,152,132,0.634856084,0.5441623577,0,1460,288.0,512.8772532713,263043.076923077,0,0,0,1,0,0,0,0,0,310.1538461538,232.8571428571,400.3333333333,152,0,0,0,0,0,0,7,1630,6,2402,8192,85,6,20,0.0,0.0,0,0,0.0,0.0,0,0,BENIGN,1,0.15308947996879135,,,
80,34679366,7,7,805,880,775,0,115.0,291.041234192,868,0,125.7142857143,327.3294539582,48.5879701492,0.4036982683,2667643.53846154,4331556.7606041,10002364,168,30211604,5035267.33333333,5441520.53801927,10052807,203,34628701,5771450.16666667,4956693.30428218,10055722,1590,0,0,0,0,152,188,0.2018491342,0.2018491342,0,868,112.3333333333,288.4712579559,83215.6666666667,0,0,0,1,0,0,0,0,1,120.3571428571,115.0,125.7142857143,152,0,0,0,0,0,0,7,805,7,880,8192,223,6,20,101922.333333333,89213.322689682,204937,50387,9968612.33333333,56357.9955492859,10002364,9903551,BENIGN,1,0.15949080383680464,,,
53,23830,2,2,80,202,40,40,40.0,0.0,101,101,101.0,0.0,11833.8229122954,167.855644146,7943.3333333333,13752.1947460517,23823,3,3,3.0,0.0,3,3,4,4.0,0.0,4,4,0,0,0,0,64,64,83.927822073,83.927822073,40,101,64.4,33.4110760078,1116.3,0,0,0,0,0,0,0,0,1,80.5,40.0,101.0,64,0,0,0,0,0,0,2,80,2,202,-1,-1,1,32,0.0,0.0,0,0,0.0,0.0,0,0,BENIGN,1,0.2302341777742683,,,
80,5071258,3,1,0,0,0,0,0.0,0.0,0,0,0.0,0.0,0.0,0.7887589233,1690419.33333333,2895922.800526,5034275,30,5071258,2535629.0,3533619.06076928,5034275,36983,0,0.0,0.0,0,0,0,0,0,0,104,40,0.5915691925,0.1971897308,0,0,0.0,0.0,0.0,0,0,0,1,0,0,0,0,0,0.0,0.0,0.0,104,0,0,0,0,0,0,3,0,1,0,29200,42408,0,32,0.0,0.0,0,0,0.0,0.0,0,0,BENIGN,1,0.17814478212422635,,,
53,21149856,2,2,98,261,57,41,49.0,11.313708499,143,118,130.5,17.6776695297,16.9741108403,0.1891265832,7049952.0,12131871.3959679,21058620,30812,21089432,21089432.0,0.0,21089432,21089432,21119044,21119044.0,0.0,21119044,21119044,0,0,0,0,64,40,0.0945632916,0.0945632916,41,143,80.0,47.3919824443,2246.0,0,0,0,0,0,0,0,0,1,100.0,49.0,130.5,64,0,0,0,0,0,0,2,98,2,261,-1,-1,1,32,30812.0,0.0,30812,30812,21058620.0,0.0,21058620,21058620,BENIGN,1,0.11826892970876868,,,
443,52718,1,1,6,6,6,6,6.0,0.0,6,6,6.0,0.0,227.6262377177,37.9377062863,52718.0,0.0,52718,52718,0,0.0,0.0,0,0,0,0.0,0.0,0,0,0,0,0,0,20,20,18.9688531431,18.9688531431,6,6,6.0,0.0,0.0,1,0,0,0,1,0,0,0,1,9.0,6.0,6.0,20,0,0,0,0,0,0,1,6,1,6,0,176,0,20,0.0,0.0,0,0,0.0,0.0,0,0,BENIGN,1,0.21728514361270573,,,
443,116550634,31,31,1161,29460,526,0,37.4516129032,130.257907939,2896,0,950.3225806452,1143.6268735066,262.7270135656,0.5319576383,1910666.13114754,3896015.09910007,10028370,1,116550634,3885021.13333333,4862839.79168735,10051936,1,111187941,3706264.7,4906705.14565935,10052608,1,0,0,0,0,1000,1000,0.2659788191,0.2659788191,0,2896,486.0476190476,923.7214953229,853261.400921659,0,0,0,1,0,0,0,0,1,493.8870967742,37.4516129032,950.3225806452,1000,0,0,0,0,0,0,31,1161,31,29460,29200,972,4,32,81195.5,197619.689303608,708719,23566,9631357.08333333,1351795.99033942,10028370,5338908,BENIGN,1,0.05057808034175215,,,
51035,1318896,1,5,6,30,6,6,6.0,0.0,6,6,6.0,0.0,27.29555628,4.549259381,263779.2,573959.1764,1290388,3,0,0.0,0.0,0,0,1296980,324245.0,644099.9626,1290388,3,0,0,0,0,20,100,0.758209897,3.791049484,6,6,6.0,0.0,0.0,0,0,0,0,1,1,0,0,5,7.0,6.0,6.0,20,0,0,0,0,0,0,1,6,5,30,229,0,0,20,0.0,0.0,0,0,0.0,0.0,0,0,BENIGN,1,0.16646146181000532,,,
60555,30,1,1,6,6,6,6,6.0,0.0,6,6,6.0,0.0,400000.0,66666.66667,30.0,0.0,30,30,0,0.0,0.0,0,0,0,0.0,0.0,0,0,0,0,0,0,20,20,33333.33333,33333.33333,6,6,6.0,0.0,0.0,0,0,0,0,1,1,0,0,1,9.0,6.0,6.0,20,0,0,0,0,0,0,1,6,1,6,290,256,0,20,0.0,0.0,0,0,0.0,0.0,0,0,BENIGN,1,0.19947070476297857,,,
443,50159491,12,14,1156,7168,734,0,96.3333333333,214.2773620306,1633,0,512.0,681.6126804527,165.9506473062,0.5183465678,2006379.64,4060495.72483253,10000474,3,40282374,3662034.0,5049188.71211909,10040606,85,50113185,3854860.38461538,5056760.74311887,10046796,3,0,0,0,0,252,340,0.2392368774,0.2791096903,0,1633,308.2962962963,546.3137880246,298458.754985755,0,0,0,1,0,0,0,0,1,320.1538461538,96.3333333333,512.0,252,0,0,0,0,0,0,12,1156,14,7168,8192,242,11,20,68917.6,50973.8489256992,160102,45924,9962980.0,73896.8689221675,10000474,9830870,BENIGN,1,0.14818495145412813,,,
53,31121,2,2,82,138,41,41,41.0,0.0,69,69,69.0,0.0,7069.1815815687,128.5305742103,10373.6666666667,17961.6555565831,31114,3,3,3.0,0.0,3,3,4,4.0,0.0,4,4,0,0,0,0,40,40,64.2652871052,64.2652871052,41,69,52.2,15.3362316101,235.2,0,0,0,0,0,0,0,0,1,65.25,41.0,69.0,40,0,0,0,0,0,0,2,82,2,138,-1,-1,1,20,0.0,0.0,0,0,0.0,0.0,0,0,BENIGN,1,0.23305990494071077,,,
80,115206708,16,14,377,390,293,0,23.5625,71.8655863401,384,0,27.8571428571,102.5174335214,6.6575984447,0.2604015037,3972645.10344828,4869305.89631448,10012830,100,115206708,7680447.2,4182633.3613796,10050947,134,110510703,8500823.30769231,3764153.46143254,10051179,315,0,0,0,0,332,424,0.138880802,0.1215207017,0,384,24.7419354839,84.6301631579,7162.264516129,0,0,0,1,0,0,0,0,0,25.5666666667,23.5625,27.8571428571,332,0,0,0,0,0,0,16,377,14,390,8192,946,15,20,47168.0909090909,26475.9568569468,126855,38115,9999266.27272727,16920.9258617304,10012830,9950674,BENIGN,1,0.1261166204668247,,,
443,257,3,1,18,0,6,6,6.0,0.0,0,0,0.0,0.0,70038.9105058366,15564.2023346303,85.6666666667,114.2205468965,216,3,257,128.5,177.4838020778,254,3,0,0.0,0.0,0,0,0,0,0,0,60,32,11673.1517509728,3891.0505836576,0,6,4.8,2.683281573,7.2,1,0,0,0,0,0,0,0,0,6.0,6.0,0.0,60,0,0,0,0,0,0,3,18,1,0,0,147,2,20,0.0,0.0,0,0,0.0,0.0,0,0,BENIGN,1,0.214531478976613,,,
63055,246825,2,3,37,18,37,0,18.5,26.1629509039,6,6,6.0,0.0,222.8299402411,20.2572672946,61706.25,123355.168332138,246739,1,246825,246825.0,0.0,246825,246825,50,25.0,33.941125497,49,1,0,0,0,0,64,60,8.1029069179,12.1543603768,0,37,9.1666666667,13.948715592,194.5666666667,0,0,0,0,1,0,0,0,1,11.0,18.5,6.0,64,0,0,0,0,0,0,2,37,3,18,65,0,1,32,0.0,0.0,0,0,0.0,0.0,0,0,BENIGN,1,0.20257424623006975,,,
443,5607448,7,4,635,159,517,0,90.7142857143,190.7072051477,159,0,39.75,79.5,141.5973897573,1.9616766843,560744.8,1717652.58463377,5448883,60,5607448,934574.666666667,2242464.37278996,5511875,69,134819,44939.6666666667,55088.3483718048,106484,241,0,0,0,0,232,136,1.2483397082,0.7133369761,0,517,66.1666666667,150.3219776669,22596.696969697,0,0,0,1,0,0,0,0,0,72.1818181818,90.7142857143,39.75,232,0,0,0,0,0,0,7,635,4,159,29200,939,3,32,158496.0,0.0,158496,158496,5448883.0,0.0,5448883,5448883,BENIGN,1,0.17445409840730275,,,
53,31385,2,2,72,328,36,36,36.0,0.0,164,164,164.0,0.0,12744.9418512028,127.449418512,10461.6666666667,18114.9420460937,31379,3,3,3.0,0.0,3,3,3,3.0,0.0,3,3,0,0,0,0,40,64,63.724709256,63.724709256,36,164,87.2,70.1084873607,4915.2,0,0,0,0,0,0,0,0,1,109.0,36.0,164.0,40,0,0,0,0,0,0,2,72,2,328,-1,-1,1,20,0.0,0.0,0,0,0.0,0.0,0,0,BENIGN,1,0.22223051382260534,,,
53,24086,2,2,58,188,29,29,29.0,0.0,94,94,94.0,0.0,10213.4019762518,166.0715768496,8028.6666666667,13900.8624312786,24080,3,3,3.0,0.0,3,3,3,3.0,0.0,3,3,0,0,0,0,40,40,83.0357884248,83.0357884248,29,94,55.0,35.6019662378,1267.5,0,0,0,0,0,0,0,0,1,68.75,29.0,94.0,40,0,0,0,0,0,0,2,58,2,188,-1,-1,1,20,0.0,0.0,0,0,0.0,0.0,0,0,BENIGN,1,0.23313427051262553,,,
443,959873,1,1,6,37,6,6,6.0,0.0,37,37,37.0,0.0,44.7975930149,2.0836089774,959873.0,0.0,959873,959873,0,0.0,0.0,0,0,0,0.0,0.0,0,0,0,0,0,0,20,20,1.0418044887,1.0418044887,6,37,16.3333333333,17.8978583449,320.3333333333,1,0,0,0,0,0,0,0,1,24.5,6.0,37.0,20,0,0,0,0,0,0,1,6,1,37,0,65,0,20,0.0,0.0,0,0,0.0,0.0,0,0,BENIGN,1,0.2090889250611151,,,
55088,6015422,1,5,6,30,6,6,6.0,0.0,6,6,6.0,0.0,5.984617538,0.997436256,1203084.4,2671650.684,5982218,1,0,0.0,0.0,0,0,5983858,1495964.5,2990835.694,5982218,1,0,0,0,0,20,100,0.166239376,0.83119688,6,6,6.0,0.0,0.0,0,0,0,0,1,1,0,0,5,7.0,6.0,6.0,20,0,0,0,0,0,0,1,6,5,30,229,0,0,20,33204.0,0.0,33204,33204,5982218.0,0.0,5982218,5982218,BENIGN,1,0.15085800071437494,,,
48080,83,1,1,0,0,0,0,0.0,0.0,0,0,0.0,0.0,0.0,24096.38554,83.0,0.0,83,83,0,0.0,0.0,0,0,0,0.0,0.0,0,0,0,0,0,0,32,32,12048.19277,12048.19277,0,0,0.0,0.0,0.0,0,0,0,0,1,1,0,0,1,0.0,0.0,0.0,32,0,0,0,0,0,0,1,0,1,0,362,245,0,32,0.0,0.0,0,0,0.0,0.0,0,0,BENIGN,1,0.20641240186675625,,,
443,383,2,0,12,0,6,6,6.0,0.0,0,0,0.0,0.0,31331.592689295,5221.9321148825,383.0,0.0,383,383,383,383.0,0.0,383,383,0,0.0,0.0,0,0,0,0,0,0,40,0,5221.9321148825,0.0,6,6,6.0,0.0,0.0,0,0,0,0,1,0,0,0,0,9.0,6.0,0.0,40,0,0,0,0,0,0,2,12,0,0,254,-1,1,20,0.0,0.0,0,0,0.0,0.0,0,0,BENIGN,1,0.22934393931530894,,,
53,31116,2,2,86,154,43,43,43.0,0.0,77,77,77.0,0.0,7713.0736598535,128.5512276642,10372.0,17920.6778052617,31065,3,3,3.0,0.0,3,3,48,48.0,0.0,48,48,0,0,0,0,64,56,64.2756138321,64.2756138321,43,77,56.6,18.6225669552,346.8,0,0,0,0,0,0,0,0,1,70.75,43.0,77.0,64,0,0,0,0,0,0,2,86,2,154,-1,-1,1,32,0.0,0.0,0,0,0.0,0.0,0,0,BENIGN,1,0.22757645371642732,,,
1900,3000331,52,0,9048,0,174,174,174.0,0.0,0,0,0.0,0.0,3015.6672713777,17.3314210999,58830.0196078431,237647.749043452,1000305,1,3000331,58830.0196078431,237647.749043452,1000305,1,0,0.0,0.0,0,0,0,0,0,0,1352,0,17.3314210999,0.0,174,174,174.0,0.0,0.0,0,0,0,0,0,0,0,0,0,177.3461538462,174.0,0.0,1352,0,0,0,0,0,0,52,9048,0,0,-1,-1,51,20,0.0,0.0,0,0,0.0,0.0,0,0,BENIGN,1,0.10174764252296137,,,
51839,83780984,9,9,12976,56,2920,0,1441.777778,1032.011238,20,0,6.222222222,5.783117191,155.5484237,0.214845889,4928293.176,19700000.0,81300000,1,83800000,10500000.0,29600000.0,83800000,49,83800000,10500000.0,28600000.0,81300000,1,1,0,0,0,192,204,0.107422945,0.107422945,0,2920,758.2631579,1005.424998,1010879.427,0,1,0,0,1,1,0,0,1,800.3888889,1441.777778,6.222222222,192,0,0,0,0,0,0,9,12976,9,56,229,256,7,20,2423373.0,0.0,2423373,2423373,81300000.0,0.0,81300000,81300000,BENIGN,-1,-0.09148231069627655,,,
443,6728938,14,11,3215,11713,760,0,229.6428571429,317.6278923866,2464,0,1064.8181818182,874.3422462837,2218.4778638174,3.7152965297,280372.416666667,694511.058331651,2951899,65,6728938,517610.615384615,889660.420128708,2951899,1466,5758380,575838.0,1017317.85436324,2997780,145,0,0,0,0,292,232,2.0805660566,1.6347304731,0,2464,574.1538461538,737.4504562237,543833.175384616,0,0,0,1,0,0,0,0,0,597.12,229.6428571429,1064.8181818182,292,0,0,0,0,0,0,14,3215,11,11713,8192,132,13,20,0.0,0.0,0,0,0.0,0.0,0,0,BENIGN,1,0.11676129391369061,,,
55454,3,2,0,37,0,37,0,18.5,26.1629509039,0,0,0.0,0.0,12333333.3333333,666666.666666667,3.0,0.0,3,3,3,3.0,0.0,3,3,0,0.0,0.0,0,0,1,0,0,0,64,0,666666.666666667,0.0,0,37,24.6666666667,21.36195996,456.3333333333,0,1,0,0,1,0,0,0,0,37.0,18.5,0.0,64,0,0,0,0,0,0,2,37,0,0,120,-1,0,32,0.0,0.0,0,0,0.0,0.0,0,0,BENIGN,1,0.15800769358736066,,,
53,31838,2,2,68,182,34,34,34.0,0.0,91,91,91.0,0.0,7852.252025881,125.6360324141,10612.6666666667,18378.2137960503,31834,1,1,1.0,0.0,1,1,3,3.0,0.0,3,3,0,0,0,0,64,64,62.818016207,62.818016207,34,91,56.8,31.2201857778,974.7,0,0,0,0,0,0,0,0,1,71.0,34.0,91.0,64,0,0,0,0,0,0,2,68,2,182,-1,-1,1,32,0.0,0.0,0,0,0.0,0.0,0,0,BENIGN,1,0.23026393191944816,,,
80,215,2,0,12,0,6,6,6.0,0.0,0,0,0.0,0.0,55813.9534883721,9302.3255813954,215.0,0.0,215,215,215,215.0,0.0,215,215,0,0.0,0.0,0,0,0,0,0,0,40,0,9302.3255813954,0.0,6,6,6.0,0.0,0.0,0,0,0,0,1,0,0,0,0,9.0,6.0,0.0,40,0,0,0,0,0,0,2,12,0,0,63314,-1,1,20,0.0,0.0,0,0,0.0,0.0,0,0,BENIGN,1,0.2225122858975091,,,
443,21985351,23,23,2737,27417,517,0,119.0,180.1749150132,2896,0,1192.0434782609,844.3977670108,1371.5496286596,2.0923022789,488563.355555555,1980924.63984124,10000394,6,21985351,999334.136363636,2795818.77474571,10000487,200,12806633,582119.681818182,2159952.57860781,10150228,47,0,0,0,0,744,744,1.0461511395,1.0461511395,0,2896,641.5744680851,808.4106184543,653527.728029602,0,0,0,1,0,0,0,0,1,655.5217391304,119.0,1192.0434782609,744,0,0,0,0,0,0,23,2737,23,27417,29200,143,8,32,2809277.0,0.0,2809277,2809277,10000394.0,0.0,10000394,10000394,BENIGN,1,0.04471242799947173,,,
52305,63,1,1,0,0,0,0,0.0,0.0,0,0,0.0,0.0,0.0,31746.0317460317,63.0,0.0,63,63,0,0.0,0.0,0,0,0,0.0,0.0,0,0,0,0,0,0,32,32,15873.0158730159,15873.0158730159,0,0,0.0,0.0,0.0,0,0,0,0,1,0,0,0,1,0.0,0.0,0.0,32,0,0,0,0,0,0,1,0,1,0,362,32832,0,32,0.0,0.0,0,0,0.0,0.0,0,0,BENIGN,1,0.2072072799542119,,,
57296,3,2,0,37,0,37,0,18.5,26.1629509039,0,0,0.0,0.0,12333333.3333333,666666.666666667,3.0,0.0,3,3,3,3.0,0.0,3,3,0,0.0,0.0,0,0,1,0,0,0,64,0,666666.666666667,0.0,0,37,24.6666666667,21.36195996,456.3333333333,0,1,0,0,1,0,0,0,0,37.0,18.5,0.0,64,0,0,0,0,0,0,2,37,0,0,115,-1,0,32,0.0,0.0,0,0,0.0,0.0,0,0,BENIGN,1,0.15800769358736066,,,
443,130,1,1,0,0,0,0,0.0,0.0,0,0,0.0,0.0,0.0,15384.6153846154,130.0,0.0,130,130,0,0.0,0.0,0,0,0,0.0,0.0,0,0,0,0,0,0,32,32,7692.3076923077,7692.3076923077,0,0,0.0,0.0,0.0,0,0,0,0,1,0,0,0,1,0.0,0.0,0.0,32,0,0,0,0,0,0,1,0,1,0,406,374,0,32,0.0,0.0,0,0,0.0,0.0,0,0,BENIGN,1,0.22303731450791991,,,
53,167739,2,2,72,318,36,36,36.0,0.0,159,159,159.0,0.0,2325.0406882121,23.8465711611,55913.0,96838.9606511759,167733,3,3,3.0,0.0,3,3,3,3.0,0.0,3,3,0,0,0,0,40,64,11.9232855806,11.9232855806,36,159,85.2,67.3698745731,4538.7,0,0,0,0,0,0,0,0,1,106.5,36.0,159.0,40,0,0,0,0,0,0,2,72,2,318,-1,-1,1,20,0.0,0.0,0,0,0.0,0.0,0,0,BENIGN,1,0.22435890375191864,,,
35406,62,1,1,0,0,0,0,0.0,0.0,0,0,0.0,0.0,0.0,32258.064516129,62.0,0.0,62,62,0,0.0,0.0,0,0,0,0.0,0.0,0,0,0,0,0,0,32,32,16129.0322580645,16129.0322580645,0,0,0.0,0.0,0.0,0,0,0,0,1,1,0,0,1,0.0,0.0,0.0,32,0,0,0,0,0,0,1,0,1,0,114,229,0,32,0.0,0.0,0,0,0.0,0.0,0,0,BENIGN,1,0.20741747942830935,,,
53003,61,1,1,0,0,0,0,0.0,0.0,0,0,0.0,0.0,0.0,32786.8852459016,61.0,0.0,61,61,0,0.0,0.0,0,0,0,0.0,0.0,0,0,0,0,0,0,32,32,16393.4426229508,16393.4426229508,0,0,0.0,0.0,0.0,0,0,0,0,1,1,0,0,1,0.0,0.0,0.0,32,0,0,0,0,0,0,1,0,1,0,362,32832,0,32,0.0,0.0,0,0,0.0,0.0,0,0,BENIGN,1,0.19210599543280316,,,
38009,1261528,1,6,1375,30,1375,1375,1375.0,0.0,6,0,5.0,2.449489743,1113.728748,5.548826502,210254.6667,499656.2058,1230080,1,0,0.0,0.0,0,0,1250020,250004.0,547923.6569,1230080,1,1,0,0,0,20,132,0.7926895,4.756137002,0,1375,347.5,634.1901472,402197.1429,0,1,0,0,1,1,0,0,6,397.1428571,1375.0,5.0,20,0,0,0,0,0,0,1,1375,6,30,229,0,0,20,0.0,0.0,0,0,0.0,0.0,0,0,BENIGN,1,0.02475687603101373,,,
53,47720,2,2,78,200,39,39,39.0,0.0,100,100,100.0,0.0,5825.6496227997,83.8222967309,15906.6666666667,27545.0926724405,47713,3,4,4.0,0.0,4,4,3,3.0,0.0,3,3,0,0,0,0,64,40,41.9111483655,41.9111483655,39,100,63.4,33.4110760078,1116.3,0,0,0,0,0,0,0,0,1,79.25,39.0,100.0,64,0,0,0,0,0,0,2,78,2,200,-1,-1,1,32,0.0,0.0,0,0,0.0,0.0,0,0,BENIGN,1,0.23070667393653432,,,
53,23448,1,1,47,131,47,47,47.0,0.0,131,131,131.0,0.0,7591.2657795974,85.2951211191,23448.0,0.0,23448,23448,0,0.0,0.0,0,0,0,0.0,0.0,0,0,0,0,0,0,32,20,42.6475605595,42.6475605595,47,131,75.0,48.4974226119,2352.0,0,0,0,0,0,0,0,0,1,112.5,47.0,131.0,32,0,0,0,0,0,0,1,47,1,131,-1,-1,0,32,0.0,0.0,0,0,0.0,0.0,0,0,BENIGN,1,0.22233392802004398,,,
21,136517,20,24,176,426,43,0,8.8,12.6806939873,52,0,17.75,16.4904451913,4409.7072159511,322.3041818968,3174.8139534884,13434.6220820823,77464,0,136419,7179.9473684211,27673.2283091914,120906,0,136421,5931.347826087,18110.8047876216,77464,0,0,0,0,0,656,784,146.5019008622,175.8022810346,0,52,13.3777777778,15.3493986985,235.604040404,0,0,0,1,0,0,0,0,1,13.6818181818,8.8,17.75,656,0,0,0,0,0,0,20,176,24,426,29200,227,12,32,0.0,0.0,0,0,0.0,0.0,0,0,BENIGN,1,0.1645611401650241,,,
443,170258,10,5,896,1471,645,0,89.6,201.1031797085,1333,0,294.2,583.7732436486,13902.4304291135,88.1015870033,12161.2857142857,20358.4328678601,50697,4,170258,18917.5555555556,24544.6970092885,52616,4,111341,27835.25,28842.5009939037,54453,594,0,0,0,0,332,168,58.7343913355,29.3671956678,0,1333,147.9375,354.9675043813,126001.929166667,0,0,0,1,0,0,0,0,0,157.8,89.6,294.2,332,0,0,0,0,0,0,10,896,5,1471,65535,115,5,32,0.0,0.0,0,0,0.0,0.0,0,0,BENIGN,1,0.18968885575606798,,,
53,32331,4,2,152,202,38,38,38.0,0.0,101,101,101.0,0.0,10949.243759859,185.5804027095,6466.2,13947.2857466964,31407,1,31456,10485.3333333333,18118.7100626213,31407,1,1,1.0,0.0,1,1,0,0,0,0,128,64,123.720268473,61.8601342365,38,101,56.0,30.7408522979,945.0,0,0,0,0,0,0,0,0,0,65.3333333333,38.0,101.0,128,0,0,0,0,0,0,4,152,2,202,-1,-1,3,32,0.0,0.0,0,0,0.0,0.0,0,0,BENIGN,1,0.21482847268115812,,,
53,62139717,2,2,90,157,51,39,45.0,8.4852813742,83,74,78.5,6.3639610307,3.9749135002,0.0643710688,20713239.0,35797075.8933123,62048138,30427,62078565,62078565.0,0.0,62078565,62078565,62109290,62109290.0,0.0,62109290,62109290,0,0,0,0,72,64,0.0321855344,0.0321855344,39,83,59.6,18.2153781185,331.8,0,0,0,0,0,0,0,0,1,74.5,45.0,78.5,72,0,0,0,0,0,0,2,90,2,157,-1,-1,1,32,30427.0,0.0,30427,30427,62048138.0,0.0,62048138,62048138,BENIGN,1,0.004394055361807925,,,
61987,70,1,1,0,0,0,0,0.0,0.0,0,0,0.0,0.0,0.0,28571.4285714286,70.0,0.0,70,70,0,0.0,0.0,0,0,0,0.0,0.0,0,0,0,0,0,0,32,32,14285.7142857143,14285.7142857143,0,0,0.0,0.0,0.0,0,0,0,0,1,1,0,0,1,0.0,0.0,0.0,32,0,0,0,0,0,0,1,0,1,0,62,33304,0,32,0.0,0.0,0,0,0.0,0.0,0,0,BENIGN,1,0.192293184157884,,,
443,115959786,27,25,1098,17807,517,0,40.6666666667,124.0945669176,2896,0,712.28,898.5436142262,163.0306561621,0.4484313208,2273721.29411765,4162049.24512371,10025029,8,115959786,4459991.76923077,4969838.70719995,10048019,19,110938979,4622457.45833333,5095384.66934432,10048223,48,0,0,0,0,872,808,0.2328393397,0.2155919812,0,2896,356.6981132075,703.8679559544,495430.099419449,0,0,0,1,0,0,0,0,0,363.5576923077,40.6666666667,712.28,872,0,0,0,0,0,0,27,1098,25,17807,29200,290,4,32,63867.3636363636,135150.388653731,471361,22976,10021496.9090909,8136.6964605366,10025029,9999533,BENIGN,1,0.08000715909095435,,,
53,31120,2,2,88,472,44,44,44.0,0.0,236,236,236.0,0.0,17994.8586118252,128.5347043702,10373.3333333333,17961.0782063142,31113,3,4,4.0,0.0,4,4,3,3.0,0.0,3,3,0,0,0,0,40,40,64.2673521851,64.2673521851,44,236,120.8,105.162731041,11059.2,0,0,0,0,0,0,0,0,1,151.0,44.0,236.0,40,0,0,0,0,0,0,2,88,2,472,-1,-1,1,20,0.0,0.0,0,0,0.0,0.0,0,0,BENIGN,1,0.201426595664854,,,
53,31296,2,2,66,194,33,33,33.0,0.0,97,97,97.0,0.0,8307.7709611452,127.8118609407,10432.0,18023.7341303072,31244,4,4,4.0,0.0,4,4,48,48.0,0.0,48,48,0,0,0,0,64,64,63.9059304703,63.9059304703,33,97,58.6,35.0542436803,1228.8,0,0,0,0,0,0,0,0,1,73.25,33.0,97.0,64,0,0,0,0,0,0,2,66,2,194,-1,-1,1,32,0.0,0.0,0,0,0.0,0.0,0,0,BENIGN,1,0.22809257110437092,,,
53,38053,2,2,60,116,30,30,30.0,0.0,58,58,58.0,0.0,4625.1281107929,105.1165479726,12684.3333333333,21964.7136410501,38047,3,3,3.0,0.0,3,3,3,3.0,0.0,3,3,0,0,0,0,40,40,52.5582739863,52.5582739863,30,58,41.2,15.3362316101,235.2,0,0,0,0,0,0,0,0,1,51.5,30.0,58.0,40,0,0,0,0,0,0,2,60,2,116,-1,-1,1,20,0.0,0.0,0,0,0.0,0.0,0,0,BENIGN,1,0.23378402986085023,,,
443,80556,11,6,1174,2800,901,0,106.7272727273,266.9281142589,1397,0,466.6666666667,668.4410719478,49332.1416157704,211.0333184369,5034.75,7877.7786420623,24979,3,80556,8055.6,12406.4266786748,38457,3,56810,11362.0,10716.120520039,24979,231,0,0,0,0,244,132,136.5509707533,74.4823476836,0,1397,220.7777777778,453.8182527576,205951.006535948,0,0,0,1,0,0,0,0,0,233.7647058824,106.7272727273,466.6666666667,244,0,0,0,0,0,0,11,1174,6,2800,65535,32,10,20,0.0,0.0,0,0,0.0,0.0,0,0,BENIGN,1,0.17653705051289725,,,
53,31077,2,2,70,102,35,35,35.0,0.0,51,51,51.0,0.0,5534.639766,128.7125527,10359.0,17936.25214,31070,3,3,3.0,0.0,3,3,4,4.0,0.0,4,4,0,0,0,0,56,56,64.35627635,64.35627635,35,51,41.4,8.76356092,76.8,0,0,0,0,0,0,0,0,1,51.75,35.0,51.0,56,0,0,0,0,0,0,2,70,2,102,-1,-1,1,28,0.0,0.0,0,0,0.0,0.0,0,0,BENIGN,1,0.23177370281957577,,,
443,12442902,8,7,1446,4689,1057,0,180.75,364.3047193922,1867,0,669.8571428571,767.1182934792,493.0521834858,1.2055065611,888778.714285714,3242479.36575849,12153954,4,12442902,1777557.42857143,4575886.00572475,12153954,123,252602,42100.3333333333,38380.9071631543,92790,4,0,0,0,0,172,152,0.6429368326,0.5625697285,0,1867,383.4375,606.0684195424,367318.929166667,0,0,0,1,0,0,0,0,0,409.0,180.75,669.8571428571,172,0,0,0,0,0,0,8,1446,7,4689,8192,64,7,20,0.0,0.0,0,0,0.0,0.0,0,0,BENIGN,1,0.15878321153698927,,,
80,147787,1,1,0,0,0,0,0.0,0.0,0,0,0.0,0.0,0.0,13.5329900465,147787.0,0.0,147787,147787,0,0.0,0.0,0,0,0,0.0,0.0,0,0,0,0,0,0,32,32,6.7664950232,6.7664950232,0,0,0.0,0.0,0.0,0,0,0,0,1,1,0,0,1,0.0,0.0,0.0,32,0,0,0,0,0,0,1,0,1,0,2127,14,0,32,0.0,0.0,0,0,0.0,0.0,0,0,BENIGN,1,0.20483254907666182,,,
53,59965,2,2,74,262,37,37,37.0,0.0,131,131,131.0,0.0,5603.2685733345,66.705578254,19988.3333333333,34614.7467177406,59958,3,3,3.0,0.0,3,3,4,4.0,0.0,4,4,0,0,0,0,64,64,33.352789127,33.352789127,37,131,74.6,51.4859204055,2650.8,0,0,0,0,0,0,0,0,1,93.25,37.0,131.0,64,0,0,0,0,0,0,2,74,2,262,-1,-1,1,32,0.0,0.0,0,0,0.0,0.0,0,0,BENIGN,1,0.22644126502830703,,,
443,53075,2,1,0,0,0,0,0.0,0.0,0,0,0.0,0.0,0.0,56.5237870937,26537.5,37528.2781979136,53074,1,1,1.0,0.0,1,1,0,0.0,0.0,0,0,0,0,0,0,64,44,37.6825247292,18.8412623646,0,0,0.0,0.0,0.0,0,0,0,0,1,1,0,0,0,0.0,0.0,0.0,64,0,0,0,0,0,0,2,0,1,0,32832,357,0,32,0.0,0.0,0,0,0.0,0.0,0,0,BENIGN,1,0.20370523110008965,,,
56598,34,3,1,43,6,31,6,14.3333333333,14.4337567297,6,6,6.0,0.0,1441176.47058824,117647.058823529,11.3333333333,16.1967074843,30,1,4,2.0,1.4142135624,3,1,0,0.0,0.0,0,0,0,0,0,0,60,20,88235.2941176471,29411.7647058824,6,31,11.0,11.1803398875,125.0,0,0,0,0,1,0,0,0,0,13.75,14.3333333333,6.0,60,0,0,0,0,0,0,3,43,1,6,1311,0,2,20,0.0,0.0,0,0,0.0,0.0,0,0,BENIGN,1,0.20797827546763759,,,
53,23591,2,2,86,210,43,43,43.0,0.0,105,105,105.0,0.0,12547.1578144208,169.5561866814,7863.6666666667,13576.1215497407,23540,3,48,48.0,0.0,48,48,3,3.0,0.0,3,3,0,0,0,0,40,40,84.7780933407,84.7780933407,43,105,67.8,33.9587985653,1153.2,0,0,0,0,0,0,0,0,1,84.75,43.0,105.0,40,0,0,0,0,0,0,2,86,2,210,-1,-1,1,20,0.0,0.0,0,0,0.0,0.0,0,0,BENIGN,1,0.2327628312607281,,,
80,458,3,0,0,0,0,0,0.0,0.0,0,0,0.0,0.0,0.0,6550.218341,229.0,319.6122651,455,3,458,229.0,319.6122651,455,3,0,0.0,0.0,0,0,0,0,0,0,96,0,6550.218341,0.0,0,0,0.0,0.0,0.0,0,0,0,0,1,0,0,0,0,0.0,0.0,0.0,96,0,0,0,0,0,0,3,0,0,0,65535,-1,0,32,0.0,0.0,0,0,0.0,0.0,0,0,BENIGN,1,0.21450953858316008,,,
55896,3,2,0,43,0,37,6,21.5,21.9203102168,0,0,0.0,0.0,14333333.3333333,666666.666666667,3.0,0.0,3,3,3,3.0,0.0,3,3,0,0.0,0.0,0,0,1,0,0,0,40,0,666666.666666667,0.0,6,37,26.6666666667,17.8978583449,320.3333333333,0,1,0,0,1,0,0,0,0,40.0,21.5,0.0,40,0,0,0,0,0,0,2,43,0,0,292,-1,1,20,0.0,0.0,0,0,0.0,0.0,0,0,BENIGN,1,0.1560628035921805,,,
80,115679464,18,15,592,768,296,0,32.88888889,95.72072668,384,0,51.2,135.1164577,11.75662432,0.285271031,3614983.25,4856096.362,10200000,53,116000000,6804674.353,4789511.12,10200000,65,113000000,8040261.786,4296092.612,10200000,396,0,0,0,0,584,488,0.155602381,0.129668651,0,384,40.0,112.2421624,12598.30303,0,0,0,1,0,0,0,0,0,41.21212121,32.88888889,51.2,584,0,0,0,0,0,0,18,592,15,768,29200,972,2,32,55206.09091,104467.7329,370188,23601,10200000.0,85485.2934,10200000,10000000,BENIGN,1,0.11421694137876981,,,
443,9837021,3,0,18,0,6,6,6.0,0.0,0,0,0.0,0.0,1.8298222602,0.3049703767,4918510.5,6955730.91767936,9836955,66,9837021,4918510.5,6955730.91767936,9836955,66,0,0.0,0.0,0,0,0,0,0,0,60,0,0.3049703767,0.0,6,6,6.0,0.0,0.0,0,0,0,0,1,0,0,0,0,8.0,6.0,0.0,60,0,0,0,0,0,0,3,18,0,0,254,-1,2,20,0.0,0.0,0,0,0.0,0.0,0,0,BENIGN,1,0.18983397848482902,,,
53,30759,2,2,80,210,40,40,40.0,0.0,105,105,105.0,0.0,9428.1348548392,130.0432393771,10253.0,17753.520777581,30753,3,3,3.0,0.0,3,3,3,3.0,0.0,3,3,0,0,0,0,64,64,65.0216196885,65.0216196885,40,105,66.0,35.6019662378,1267.5,0,0,0,0,0,0,0,0,1,82.5,40.0,105.0,64,0,0,0,0,0,0,2,80,2,210,-1,-1,1,32,0.0,0.0,0,0,0.0,0.0,0,0,BENIGN,1,0.2302341777742683,,,
53,1083,2,2,66,158,33,33,33.0,0.0,79,79,79.0,0.0,206832.8717,3693.444137,361.0,581.5384768,1032,3,48,48.0,0.0,48,48,3,3.0,0.0,3,3,0,0,0,0,64,64,1846.722068,1846.722068,33,79,51.4,25.19523765,634.8,0,0,0,0,0,0,0,0,1,64.25,33.0,79.0,64,0,0,0,0,0,0,2,66,2,158,-1,-1,1,32,0.0,0.0,0,0,0.0,0.0,0,0,BENIGN,1,0.2301946791779909,,,
53,158296,1,1,45,102,45,45,45.0,0.0,102,102,102.0,0.0,928.6400161722,12.6345580432,158296.0,0.0,158296,158296,0,0.0,0.0,0,0,0,0.0,0.0,0,0,0,0,0,0,32,32,6.3172790216,6.3172790216,45,102,64.0,32.9089653438,1083.0,0,0,0,0,0,0,0,0,1,96.0,45.0,102.0,32,0,0,0,0,0,0,1,45,1,102,-1,-1,0,32,0.0,0.0,0,0,0.0,0.0,0,0,BENIGN,1,0.22236897744756745,,,
54303,4,2,0,12,0,6,6,6.0,0.0,0,0,0.0,0.0,3000000.0,500000.0,4.0,0.0,4,4,4,4.0,0.0,4,4,0,0.0,0.0,0,0,0,0,0,0,40,0,500000.0,0.0,6,6,6.0,0.0,0.0,0,0,0,0,1,0,0,0,0,9.0,6.0,0.0,40,0,0,0,0,0,0,2,12,0,0,131,-1,1,20,0.0,0.0,0,0,0.0,0.0,0,0,BENIGN,1,0.20613351188488338,,,
443,16022230,2,0,0,0,0,0,0.0,0.0,0,0,0.0,0.0,0.0,0.1248265691,16022230.0,0.0,16022230,16022230,16022230,16022230.0,0.0,16022230,16022230,0,0.0,0.0,0,0,0,0,0,0,64,0,0.1248265691,0.0,0,0,0.0,0.0,0.0,0,0,0,0,1,1,0,0,0,0.0,0.0,0.0,64,0,0,0,0,0,0,2,0,0,0,32832,-1,0,32,0.0,0.0,0,0,0.0,0.0,0,0,BENIGN,1,0.1311989874830018,,,
443,10529063,7,5,390,3080,240,0,55.7142857143,92.997695824,1563,0,616.0,818.5239764356,329.5639887424,1.1397025547,957187.545454545,3113545.89696171,10344633,32,10529063,1754843.83333333,4208228.50005702,10344633,53,109839,27459.75,29916.4264507533,55501,217,0,0,0,0,152,112,0.6648264903,0.4748760645,0,1563,266.9230769231,557.1207920398,310383.576923077,0,0,0,1,0,0,0,0,0,289.1666666667,55.7142857143,616.0,152,0,0,0,0,0,0,7,390,5,3080,8192,110,6,20,0.0,0.0,0,0,0.0,0.0,0,0,BENIGN,1,0.18036151135976342,,,
53,129284,4,4,160,404,40,40,40.0,0.0,101,101,101.0,0.0,4362.4887843817,61.8792735373,18469.1428571429,36675.2231596418,97263,0,128905,42968.3333333333,74381.7711024236,128857,0,97645,32548.3333333333,56331.2042329412,97594,3,0,0,0,0,104,80,30.9396367687,30.9396367687,40,101,67.1111111111,32.1498228784,1033.6111111111,0,0,0,0,0,0,0,0,1,75.5,40.0,101.0,104,0,0,0,0,0,0,4,160,4,404,-1,-1,3,20,0.0,0.0,0,0,0.0,0.0,0,0,BENIGN,1,0.214311642171161,,,
20187,8049135,1,5,1375,24,1375,1375,1375.0,0.0,6,0,4.8,2.683281573,173.8074961,0.745421713,1609827.0,3596889.867,8044139,299,0,0.0,0.0,0,0,8048836,2012209.0,4021286.751,8044139,984,1,0,0,0,20,112,0.124236952,0.621184761,0,1375,396.2857143,668.5927296,447016.2381,0,1,0,0,1,1,0,0,5,462.3333333,1375.0,4.8,20,0,0,0,0,0,0,1,1375,5,24,229,0,0,20,4996.0,0.0,4996,4996,8044139.0,0.0,8044139,8044139,BENIGN,1,0.01293899467810311,,,
443,4050973,7,6,836,2199,528,0,119.4285714286,199.4875577932,1626,0,366.5,637.5100783517,749.2027224077,3.2091055655,337581.083333333,1118703.26346903,3889246,4,4050973,675162.166666667,1574793.9016329,3889246,136,110882,22176.4,26518.1832201982,51092,4,0,0,0,0,152,132,1.7279799199,1.4811256456,0,1626,216.7857142857,440.1659090304,193746.027472528,0,0,0,1,0,0,0,0,0,233.4615384615,119.4285714286,366.5,152,0,0,0,0,0,0,7,836,6,2199,8192,114,6,20,0.0,0.0,0,0,0.0,0.0,0,0,BENIGN,1,0.1923324118263564,,,
36316,267,3,0,31,0,31,0,10.3333333333,17.8978583449,0,0,0.0,0.0,116104.868913858,11235.9550561798,133.5,120.9152595829,219,48,267,133.5,120.9152595829,219,48,0,0.0,0.0,0,0,0,0,0,0,96,0,11235.9550561798,0.0,0,31,7.75,15.5,240.25,0,0,0,0,1,0,0,0,0,10.3333333333,10.3333333333,0.0,96,0,0,0,0,0,0,3,31,0,0,59,-1,1,32,0.0,0.0,0,0,0.0,0.0,0,0,BENIGN,1,0.22041105688498813,,,
53728,226,2,1,37,6,37,0,18.5,26.1629509039,6,6,6.0,0.0,190265.486725664,13274.3362831858,113.0,63.6396103068,158,68,226,226.0,0.0,226,226,0,0.0,0.0,0,0,1,0,0,0,64,20,8849.5575221239,4424.778761062,0,37,20.0,19.7821468333,391.3333333333,0,1,0,0,1,0,0,0,0,26.6666666667,18.5,6.0,64,0,0,0,0,0,0,2,37,1,6,120,0,0,32,0.0,0.0,0,0,0.0,0.0,0,0,BENIGN,1,0.1865782620961116,,,
23922,8087040,1,5,6,30,6,6,6.0,0.0,6,6,6.0,0.0,4.451566952,0.741927825,1617408.0,3596375.038,8050769,2,0,0.0,0.0,0,0,8077788,2019447.0,4020901.495,8050769,2,0,0,0,0,20,100,0.123654638,0.618273188,6,6,6.0,0.0,0.0,0,0,0,0,1,1,0,0,5,7.0,6.0,6.0,20,0,0,0,0,0,0,1,6,5,30,229,0,0,20,36271.0,0.0,36271,36271,8050769.0,0.0,8050769,8050769,BENIGN,1,0.14671033767118713,,,
53,358,2,2,72,328,36,36,36.0,0.0,164,164,164.0,0.0,1117318.43575419,11173.1843575419,119.3333333333,200.6298415823,351,3,3,3.0,0.0,3,3,4,4.0,0.0,4,4,0,0,0,0,40,40,5586.592178771,5586.592178771,36,164,87.2,70.1084873607,4915.2,0,0,0,0,0,0,0,0,1,109.0,36.0,164.0,40,0,0,0,0,0,0,2,72,2,328,-1,-1,1,20,0.0,0.0,0,0,0.0,0.0,0,0,BENIGN,1,0.21825040176149635,,,
53,125103,1,1,52,160,52,52,52.0,0.0,160,160,160.0,0.0,1694.603647,15.98682685,125103.0,0.0,125103,125103,0,0.0,0.0,0,0,0,0.0,0.0,0,0,0,0,0,0,20,20,7.993413427,7.993413427,52,160,88.0,62.35382907,3888.0,0,0,0,0,0,0,0,0,1,132.0,52.0,160.0,20,0,0,0,0,0,0,1,52,1,160,-1,-1,0,20,0.0,0.0,0,0,0.0,0.0,0,0,BENIGN,1,0.2160021730024928,,,
443,21,2,0,31,0,31,0,15.5,21.9203102168,0,0,0.0,0.0,1476190.47619048,95238.0952380952,21.0,0.0,21,21,21,21.0,0.0,21,21,0,0.0,0.0,0,0,1,0,0,0,64,0,95238.0952380952,0.0,0,31,20.6666666667,17.8978583449,320.3333333333,0,1,0,0,1,0,0,0,0,31.0,15.5,0.0,64,0,0,0,0,0,0,2,31,0,0,46336,-1,0,32,0.0,0.0,0,0,0.0,0.0,0,0,BENIGN,1,0.18046132544948212,,,
53,54118,2,2,66,222,33,33,33.0,0.0,111,111,111.0,0.0,5321.7044236668,73.9125614398,18039.3333333333,31201.7483537915,54068,3,3,3.0,0.0,3,3,47,47.0,0.0,47,47,0,0,0,0,64,80,36.9562807199,36.9562807199,33,111,64.2,42.7223594854,1825.2,0,0,0,0,0,0,0,0,1,80.25,33.0,111.0,64,0,0,0,0,0,0,2,66,2,222,-1,-1,1,32,0.0,0.0,0,0,0.0,0.0,0,0,BENIGN,1,0.22721351303784648,,,
53,50735,2,2,92,200,46,46,46.0,0.0,100,100,100.0,0.0,5755.3956834532,78.8410367596,16911.6666666667,29286.669754913,50729,3,3,3.0,0.0,3,3,3,3.0,0.0,3,3,0,0,0,0,40,40,39.4205183798,39.4205183798,46,100,67.6,29.5770181053,874.8,0,0,0,0,0,0,0,0,1,84.5,46.0,100.0,40,0,0,0,0,0,0,2,92,2,200,-1,-1,1,20,0.0,0.0,0,0,0.0,0.0,0,0,BENIGN,1,0.23187280521714787,,,
53,76655,2,2,74,262,37,37,37.0,0.0,131,131,131.0,0.0,4383.2757158698,52.1818537604,25551.6666666667,44250.7227097291,76648,3,4,4.0,0.0,4,4,3,3.0,0.0,3,3,0,0,0,0,40,40,26.0909268802,26.0909268802,37,131,74.6,51.4859204055,2650.8,0,0,0,0,0,0,0,0,1,93.25,37.0,131.0,40,0,0,0,0,0,0,2,74,2,262,-1,-1,1,20,0.0,0.0,0,0,0.0,0.0,0,0,BENIGN,1,0.228162469975337,,,
53,15146542,3,3,146,363,54,43,48.6666666667,5.5075705473,156,94,121.0,31.7647603485,33.6050301118,0.396130021,3029308.4,5796331.72647346,13326263,30625,15115917,7557958.5,8291370.774527,13420843,1695074,15051962,7525981.0,8288967.31857775,13387166,1664796,0,0,0,0,60,96,0.1980650105,0.1980650105,43,156,79.7142857143,42.8707914775,1837.9047619048,0,0,0,0,0,0,0,0,1,93.0,48.6666666667,121.0,60,0,0,0,0,0,0,3,146,3,363,-1,-1,2,20,94580.0,0.0,94580,94580,13326263.0,0.0,13326263,13326263,BENIGN,1,0.1352328910056152,,,
443,506285,14,9,1435,5823,1077,0,102.5,284.4029508664,1448,0,647.0,645.8105372321,14335.7990064884,45.428957998,23012.9545454545,42550.0669458119,134557,1,506285,38945.0,50592.255179688,134557,1,410393,51299.125,80569.4727999871,221773,2,0,0,0,0,460,296,27.6524092162,17.7765487818,0,1448,302.4166666667,515.3177083894,265552.34057971,0,0,0,1,0,0,0,0,0,315.5652173913,102.5,647.0,460,0,0,0,0,0,0,14,1435,9,5823,65535,70,6,32,0.0,0.0,0,0,0.0,0.0,0,0,BENIGN,1,0.1707218653432887,,,
53,244,2,2,58,122,29,29,29.0,0.0,61,61,61.0,0.0,737704.918032787,16393.4426229508,81.3333333333,101.204413606,195,1,48,48.0,0.0,48,48,1,1.0,0.0,1,1,0,0,0,0,64,64,8196.7213114754,8196.7213114754,29,61,41.8,17.5271218402,307.2,0,0,0,0,0,0,0,0,1,52.25,29.0,61.0,64,0,0,0,0,0,0,2,58,2,122,-1,-1,1,32,0.0,0.0,0,0,0.0,0.0,0,0,BENIGN,1,0.22278220255275927,,,
53,192,2,2,68,132,34,34,34.0,0.0,66,66,66.0,0.0,1041666.66666667,20833.3333333333,64.0,105.6550992617,186,3,3,3.0,0.0,3,3,3,3.0,0.0,3,3,0,0,0,0,40,40,10416.6666666667,10416.6666666667,34,66,46.8,17.5271218402,307.2,0,0,0,0,0,0,0,0,1,58.5,34.0,66.0,40,0,0,0,0,0,0,2,68,2,132,-1,-1,1,20,0.0,0.0,0,0,0.0,0.0,0,0,BENIGN,1,0.22961274705002943,,,
443,277560,6,5,352,3782,208,0,58.6666666667,87.8604954838,2042,0,756.4,937.5194931307,14894.0769563338,39.6310707595,27756.0,40330.0005758052,85958,39,277560,55512.0,42918.2203848202,87872,39,192020,48005.0,54688.1563838704,103892,193,0,0,0,0,132,112,21.616947687,18.0141230725,0,2042,344.5,674.9788548877,455596.454545455,0,0,0,1,0,0,0,0,0,375.8181818182,58.6666666667,756.4,132,0,0,0,0,0,0,6,352,5,3782,8192,60,5,20,0.0,0.0,0,0,0.0,0.0,0,0,BENIGN,1,0.1917743910854403,,,
443,4,2,0,12,0,6,6,6.0,0.0,0,0,0.0,0.0,3000000.0,500000.0,4.0,0.0,4,4,4,4.0,0.0,4,4,0,0.0,0.0,0,0,0,0,0,0,40,0,500000.0,0.0,6,6,6.0,0.0,0.0,1,0,0,0,0,0,0,0,0,9.0,6.0,0.0,40,0,0,0,0,0,0,2,12,0,0,0,-1,1,20,0.0,0.0,0,0,0.0,0.0,0,0,BENIGN,1,0.19526029843303905,,,
53,77249,1,1,40,56,40,40,40.0,0.0,56,56,56.0,0.0,1242.7345337804,25.8903027871,77249.0,0.0,77249,77249,0,0.0,0.0,0,0,0,0.0,0.0,0,0,0,0,0,0,20,20,12.9451513935,12.9451513935,40,56,45.3333333333,9.237604307,85.3333333333,0,0,0,0,0,0,0,0,1,68.0,40.0,56.0,20,0,0,0,0,0,0,1,40,1,56,-1,-1,0,20,0.0,0.0,0,0,0.0,0.0,0,0,BENIGN,1,0.23031523841794388,,,
53,30503,1,1,42,115,42,42,42.0,0.0,115,115,115.0,0.0,5147.0347178966,65.5673212471,30503.0,0.0,30503,30503,0,0.0,0.0,0,0,0,0.0,0.0,0,0,0,0,0,0,20,32,32.7836606235,32.7836606235,42,115,66.3333333333,42.1465696508,1776.3333333333,0,0,0,0,0,0,0,0,1,99.5,42.0,115.0,20,0,0,0,0,0,0,1,42,1,115,-1,-1,0,20,0.0,0.0,0,0,0.0,0.0,0,0,BENIGN,1,0.22985835816582567,,,
53,131,2,2,64,96,32,32,32.0,0.0,48,48,48.0,0.0,1221374.046,30534.35115,43.66666667,70.43673284,125,3,3,3.0,0.0,3,3,3,3.0,0.0,3,3,0,0,0,0,40,40,15267.17557,15267.17557,32,48,38.4,8.76356092,76.8,0,0,0,0,0,0,0,0,1,48.0,32.0,48.0,40,0,0,0,0,0,0,2,64,2,96,-1,-1,1,20,0.0,0.0,0,0,0.0,0.0,0,0,BENIGN,1,0.22989478659047685,,,
53,30969,1,1,56,84,56,56,56.0,0.0,84,84,84.0,0.0,4520.64968194,64.580709742,30969.0,0.0,30969,30969,0,0.0,0.0,0,0,0,0.0,0.0,0,0,0,0,0,0,32,32,32.290354871,32.290354871,56,84,65.3333333333,16.1658075373,261.3333333333,0,0,0,0,0,0,0,0,1,98.0,56.0,84.0,32,0,0,0,0,0,0,1,56,1,84,-1,-1,0,32,0.0,0.0,0,0,0.0,0.0,0,0,BENIGN,1,0.22414443427750946,,,
53,86382,1,1,47,79,47,47,47.0,0.0,79,79,79.0,0.0,1458.6372160867,23.1529716839,86382.0,0.0,86382,86382,0,0.0,0.0,0,0,0,0.0,0.0,0,0,0,0,0,0,20,20,11.576485842,11.576485842,47,79,57.6666666667,18.4752086141,341.3333333333,0,0,0,0,0,0,0,0,1,86.5,47.0,79.0,20,0,0,0,0,0,0,1,47,1,79,-1,-1,0,20,0.0,0.0,0,0,0.0,0.0,0,0,BENIGN,1,0.22800110654203348,,,
53,89349,1,1,49,148,49,49,49.0,0.0,148,148,148.0,0.0,2204.8372113846,22.3841341257,89349.0,0.0,89349,89349,0,0.0,0.0,0,0,0,0.0,0.0,0,0,0,0,0,0,32,32,11.1920670629,11.1920670629,49,148,82.0,57.1576766498,3267.0,0,0,0,0,0,0,0,0,1,123.0,49.0,148.0,32,0,0,0,0,0,0,1,49,1,148,-1,-1,0,32,0.0,0.0,0,0,0.0,0.0,0,0,BENIGN,1,0.21824105144954414,,,
443,2311330,9,8,1687,3423,1337,0,187.4444444444,437.7411081653,1448,0,427.875,627.834472612,2210.848299464,7.3550726205,144458.125,497457.043621641,1999909,3,311418,38927.25,70014.7938341809,208262,232,2294818,327831.142857143,741824.959591418,1999933,3,0,0,0,0,296,264,3.8938619756,3.461210645,0,1448,283.8888888889,521.4422182065,271901.986928105,0,0,0,1,0,0,0,0,0,300.5882352941,187.4444444444,427.875,296,0,0,0,0,0,0,9,1687,8,3423,29200,264,3,32,0.0,0.0,0,0,0.0,0.0,0,0,BENIGN,1,0.16591377512630007,,,
80,115512411,24,24,470,18635,470,0,19.5833333333,95.938348259,4254,0,776.4583333333,1028.821443889,165.3934831297,0.4155397639,2457710.87234043,4278517.55830031,10022579,10,115512411,5022278.73913043,5016723.83748346,10060003,10,110610924,4809170.60869565,5128353.33907131,10060089,48,0,0,0,0,776,776,0.207769882,0.207769882,0,4254,389.8979591837,811.1988618936,658043.593537415,0,0,0,1,0,0,0,0,1,398.0208333333,19.5833333333,776.4583333333,776,0,0,0,0,0,0,24,470,24,18635,29200,340,1,32,45175.9090909091,25652.47845513,122521,37407,10010358.7272727,5882.4037959139,10022579,9996347,BENIGN,1,0.07301372558966185,,,
80,48948,5,3,1292,524,1292,0,258.4,577.7999653859,524,0,174.6666666667,302.5315410554,37100.5965514423,163.4387513279,6992.5714285714,11367.2359562787,23758,43,48948,12237.0,13804.8682958827,24832,233,25064,12532.0,16266.2843944153,24034,1030,0,0,0,0,172,104,102.14921958,61.289531748,0,1292,201.7777777778,444.0455432098,197176.444444444,0,0,0,1,0,0,0,0,0,227.0,258.4,174.6666666667,172,0,0,0,0,0,0,5,1292,3,524,65535,62,1,32,0.0,0.0,0,0,0.0,0.0,0,0,BENIGN,1,0.1734886804087073,,,
53,91868,1,1,51,128,51,51,51.0,0.0,128,128,128.0,0.0,1948.4477728915,21.7703661776,91868.0,0.0,91868,91868,0,0.0,0.0,0,0,0,0.0,0.0,0,0,0,0,0,0,32,32,10.8851830888,10.8851830888,51,128,76.6666666667,44.4559707276,1976.3333333333,0,0,0,0,0,0,0,0,1,115.0,51.0,128.0,32,0,0,0,0,0,0,1,51,1,128,-1,-1,0,32,0.0,0.0,0,0,0.0,0.0,0,0,BENIGN,1,0.22034815310386968,,,
53,175343,4,2,196,328,49,49,49.0,0.0,164,164,164.0,0.0,2988.4283946322,34.2186457401,35068.6,62598.1262163653,144466,3,144474,48158.0,83405.1745876717,144466,4,3,3.0,0.0,3,3,0,0,0,0,104,64,22.8124304934,11.4062152467,49,164,81.8571428571,56.1142541945,3148.8095238095,0,0,0,0,0,0,0,0,0,95.5,49.0,164.0,104,0,0,0,0,0,0,4,196,2,328,-1,-1,3,20,0.0,0.0,0,0,0.0,0.0,0,0,BENIGN,1,0.20417542363515206,,,
53,136,2,2,80,112,40,40,40.0,0.0,56,56,56.0,0.0,1411764.70588235,29411.7647058824,45.3333333333,73.3234841871,130,3,3,3.0,0.0,3,3,3,3.0,0.0,3,3,0,0,0,0,64,64,14705.8823529412,14705.8823529412,40,56,46.4,8.7635609201,76.8,0,0,0,0,0,0,0,0,1,58.0,40.0,56.0,64,0,0,0,0,0,0,2,80,2,112,-1,-1,1,32,0.0,0.0,0,0,0.0,0.0,0,0,BENIGN,1,0.22493547765133104,,,
53,245,2,2,112,368,56,56,56.0,0.0,184,184,184.0,0.0,1959183.673,16326.53061,81.66666667,99.85155649,194,3,3,3.0,0.0,3,3,48,48.0,0.0,48,48,0,0,0,0,64,64,8163.265306,8163.265306,56,184,107.2,70.10848736,4915.2,0,0,0,0,0,0,0,0,1,134.0,56.0,184.0,64,0,0,0,0,0,0,2,112,2,368,-1,-1,1,32,0.0,0.0,0,0,0.0,0.0,0,0,BENIGN,1,0.20509021320366744,,,
63352,30894,2,1,0,0,0,0,0.0,0.0,0,0,0.0,0.0,0.0,97.1062342202,15447.0,21788.7883554823,30854,40,30894,30894.0,0.0,30894,30894,0,0.0,0.0,0,0,0,0,0,0,76,32,64.7374894802,32.3687447401,0,0,0.0,0.0,0.0,0,0,0,0,1,0,0,0,0,0.0,0.0,0.0,76,0,0,0,0,0,0,2,0,1,0,128,33304,0,32,0.0,0.0,0,0,0.0,0.0,0,0,BENIGN,1,0.19802343339180978,,,
35120,50,1,1,0,0,0,0,0.0,0.0,0,0,0.0,0.0,0.0,40000.0,50.0,0.0,50,50,0,0.0,0.0,0,0,0,0.0,0.0,0,0,0,0,0,0,32,32,20000.0,20000.0,0,0,0.0,0.0,0.0,0,0,0,0,1,1,0,0,1,0.0,0.0,0.0,32,0,0,0,0,0,0,1,0,1,0,357,601,0,32,0.0,0.0,0,0,0.0,0.0,0,0,BENIGN,1,0.20448998783897115,,,
80,64,2,0,12,0,6,6,6.0,0.0,0,0,0.0,0.0,187500.0,31250.0,64.0,0.0,64,64,64,64.0,0.0,64,64,0,0.0,0.0,0,0,0,0,0,0,40,0,31250.0,0.0,6,6,6.0,0.0,0.0,0,0,0,0,1,0,0,0,0,9.0,6.0,0.0,40,0,0,0,0,0,0,2,12,0,0,256,-1,1,20,0.0,0.0,0,0,0.0,0.0,0,0,BENIGN,1,0.22934393931530894,,,
39988,1,2,0,0,0,0,0,0.0,0.0,0,0,0.0,0.0,0.0,2000000.0,1.0,0.0,1,1,1,1.0,0.0,1,1,0,0.0,0.0,0,0,0,0,0,0,64,0,2000000.0,0.0,0,0,0.0,0.0,0.0,0,0,0,0,1,0,0,0,0,0.0,0.0,0.0,64,0,0,0,0,0,0,2,0,0,0,60,-1,0,32,0.0,0.0,0,0,0.0,0.0,0,0,BENIGN,1,0.17520907758420656,,,
53,33063,2,2,72,136,36,36,36.0,0.0,68,68,68.0,0.0,6291.020173608,120.9811571848,11021.0,19083.7357977939,33057,3,3,3.0,0.0,3,3,3,3.0,0.0,3,3,0,0,0,0,80,80,60.4905785924,60.4905785924,36,68,48.8,17.5271218402,307.2,0,0,0,0,0,0,0,0,1,61.0,36.0,68.0,80,0,0,0,0,0,0,2,72,2,136,-1,-1,1,40,0.0,0.0,0,0,0.0,0.0,0,0,BENIGN,1,0.2277005919943848,,,
50295,80,1,1,6,6,6,6,6.0,0.0,6,6,6.0,0.0,150000.0,25000.0,80.0,0.0,80,80,0,0.0,0.0,0,0,0,0.0,0.0,0,0,0,0,0,0,20,20,12500.0,12500.0,6,6,6.0,0.0,0.0,0,0,0,0,1,1,0,0,1,9.0,6.0,6.0,20,0,0,0,0,0,0,1,6,1,6,31088,63563,0,20,0.0,0.0,0,0,0.0,0.0,0,0,BENIGN,1,0.18995561840819453,,,
63599,3,2,0,37,0,37,0,18.5,26.1629509039,0,0,0.0,0.0,12333333.3333333,666666.666666667,3.0,0.0,3,3,3,3.0,0.0,3,3,0,0.0,0.0,0,0,1,0,0,0,64,0,666666.666666667,0.0,0,37,24.6666666667,21.36195996,456.3333333333,0,1,0,0,1,0,0,0,0,37.0,18.5,0.0,64,0,0,0,0,0,0,2,37,0,0,61,-1,0,32,0.0,0.0,0,0,0.0,0.0,0,0,BENIGN,1,0.15482844610675217,,,
33544,82,1,1,0,0,0,0,0.0,0.0,0,0,0.0,0.0,0.0,24390.243902439,82.0,0.0,82,82,0,0.0,0.0,0,0,0,0.0,0.0,0,0,0,0,0,0,32,32,12195.1219512195,12195.1219512195,0,0,0.0,0.0,0.0,0,0,0,0,1,1,0,0,1,0.0,0.0,0.0,32,0,0,0,0,0,0,1,0,1,0,254,2161,0,32,0.0,0.0,0,0,0.0,0.0,0,0,BENIGN,1,0.20414445667438819,,,
53,24761,2,2,78,110,39,39,39.0,0.0,55,55,55.0,0.0,7592.5851136869,161.544364121,8253.6666666667,14251.6204809605,24710,3,48,48.0,0.0,48,48,3,3.0,0.0,3,3,0,0,0,0,64,64,80.7721820605,80.7721820605,39,55,45.4,8.7635609201,76.8,0,0,0,0,0,0,0,0,1,56.75,39.0,55.0,64,0,0,0,0,0,0,2,78,2,110,-1,-1,1,32,0.0,0.0,0,0,0.0,0.0,0,0,BENIGN,1,0.23082974684014645,,,
53,31192,1,1,53,128,53,53,53.0,0.0,128,128,128.0,0.0,5802.7699410105,64.119004873,31192.0,0.0,31192,31192,0,0.0,0.0,0,0,0,0.0,0.0,0,0,0,0,0,0,20,32,32.0595024365,32.0595024365,53,128,78.0,43.3012701892,1875.0,0,0,0,0,0,0,0,0,1,117.0,53.0,128.0,20,0,0,0,0,0,0,1,53,1,128,-1,-1,0,20,0.0,0.0,0,0,0.0,0.0,0,0,BENIGN,1,0.22326353024391699,,,
80,116708936,19,16,1624,858,628,0,85.4736842105,192.4541412681,286,0,53.625,114.3094484284,21.2665806498,0.2998913468,3432615.76470588,4700045.91945059,10089893,109,116708936,6483829.77777778,4740891.80228397,10133715,43984,111406875,7427125.0,4509020.91832872,10133666,513,0,0,0,0,392,464,0.1627981597,0.1370931871,0,628,68.9444444444,158.2397718553,25039.8253968254,0,0,0,1,0,0,0,0,0,70.9142857143,85.4736842105,53.625,392,0,0,0,0,0,0,19,1624,16,858,8192,1025,18,20,121017.363636364,256414.802400046,894137,43555,10006897.0,28137.0510288481,10089893,9981374,BENIGN,1,0.10994918437512124,,,
53,23821,2,2,78,110,39,39,39.0,0.0,55,55,55.0,0.0,7892.1959615465,167.9190630116,7940.3333333333,13747.8646099434,23815,3,3,3.0,0.0,3,3,3,3.0,0.0,3,3,0,0,0,0,64,40,83.9595315058,83.9595315058,39,55,45.4,8.7635609201,76.8,0,0,0,0,0,0,0,0,1,56.75,39.0,55.0,64,0,0,0,0,0,0,2,78,2,110,-1,-1,1,32,0.0,0.0,0,0,0.0,0.0,0,0,BENIGN,1,0.23082974684014645,,,
53,178,2,2,64,158,32,32,32.0,0.0,79,79,79.0,0.0,1247191.01123596,22471.9101123596,59.3333333333,101.0362971082,176,1,1,1.0,0.0,1,1,1,1.0,0.0,1,1,0,0,0,0,64,64,11235.9550561798,11235.9550561798,32,79,50.8,25.7429602027,662.7,0,0,0,0,0,0,0,0,1,63.5,32.0,79.0,64,0,0,0,0,0,0,2,64,2,158,-1,-1,1,32,0.0,0.0,0,0,0.0,0.0,0,0,BENIGN,1,0.2241164646384568,,,
53,187,2,2,78,160,39,39,39.0,0.0,80,80,80.0,0.0,1272727.27272727,21390.3743315508,62.3333333333,102.7683479158,181,3,3,3.0,0.0,3,3,3,3.0,0.0,3,3,0,0,0,0,64,64,10695.1871657754,10695.1871657754,39,80,55.4,22.4566248577,504.3,0,0,0,0,0,0,0,0,1,69.25,39.0,80.0,64,0,0,0,0,0,0,2,78,2,160,-1,-1,1,32,0.0,0.0,0,0,0.0,0.0,0,0,BENIGN,1,0.22773309454044838,,,
47694,1388,2,0,0,0,0,0,0.0,0.0,0,0,0.0,0.0,0.0,1440.9221902017,1388.0,0.0,1388,1388,1388,1388.0,0.0,1388,1388,0,0.0,0.0,0,0,0,0,0,0,64,0,1440.9221902017,0.0,0,0,0.0,0.0,0.0,0,0,0,0,1,0,0,0,0,0.0,0.0,0.0,64,0,0,0,0,0,0,2,0,0,0,134,-1,0,32,0.0,0.0,0,0,0.0,0.0,0,0,BENIGN,1,0.22278273337348353,,,
443,115933071,23,18,763,4753,383,0,33.1739130435,91.3413439069,2836,0,264.0555555556,686.636085841,47.579176092,0.3536523241,2898326.775,4494804.53123064,10019482,3,115933071,5269685.04545455,4979202.38453637,10056003,3,111283306,6546076.82352941,4887892.34236482,10055905,181,0,0,0,0,744,584,0.1983903282,0.1552619959,0,2836,131.3333333333,462.0859209865,213523.398373984,0,0,0,1,0,0,0,0,0,134.5365853659,33.1739130435,264.0555555556,744,0,0,0,0,0,0,23,763,18,4753,29200,357,4,32,105729.909090909,229819.584384558,798662,36269,10010919.9090909,5339.3695593122,10019482,9996500,BENIGN,1,0.1051883280983813,,,
53,60361,2,2,72,206,36,36,36.0,0.0,103,103,103.0,0.0,4605.622836,66.26795447,20120.33333,34843.37742,60354,3,3,3.0,0.0,3,3,4,4.0,0.0,4,4,0,0,0,0,40,64,33.13397724,33.13397724,36,103,62.8,36.69741135,1346.7,0,0,0,0,0,0,0,0,1,78.5,36.0,103.0,40,0,0,0,0,0,0,2,72,2,206,-1,-1,1,20,0.0,0.0,0,0,0.0,0.0,0,0,BENIGN,1,0.2327628312607281,,,
58408,3,2,0,0,0,0,0,0.0,0.0,0,0,0.0,0.0,0.0,666666.666666667,3.0,0.0,3,3,3,3.0,0.0,3,3,0,0.0,0.0,0,0,0,0,0,0,64,0,666666.666666667,0.0,0,0,0.0,0.0,0.0,0,0,0,0,1,0,0,0,0,0.0,0.0,0.0,64,0,0,0,0,0,0,2,0,0,0,7535,-1,0,32,0.0,0.0,0,0,0.0,0.0,0,0,BENIGN,1,0.1953024766741543,,,
53,60912,2,2,62,254,31,31,31.0,0.0,127,127,127.0,0.0,5187.8119254006,65.6685053848,20304.0,35161.497422607,60905,3,3,3.0,0.0,3,3,4,4.0,0.0,4,4,0,0,0,0,40,40,32.8342526924,32.8342526924,31,127,69.4,52.5813655205,2764.8,0,0,0,0,0,0,0,0,1,86.75,31.0,127.0,40,0,0,0,0,0,0,2,62,2,254,-1,-1,1,20,0.0,0.0,0,0,0.0,0.0,0,0,BENIGN,1,0.23038526812617588,,,
443,63369830,7,2,187,92,46,6,26.7142857143,20.0890873006,46,46,46.0,0.0,4.4027260291,0.1420234203,7921228.75,20328706.4608934,58034272,4,63369830,10561638.3333333,23347277.3181421,58034272,4,58109530,58109530.0,0.0,58109530,58109530,1,0,0,0,140,40,0.1104626602,0.0315607601,6,46,32.5,18.8635450892,355.8333333333,0,1,0,0,1,0,0,0,0,36.1111111111,26.7142857143,46.0,140,0,0,0,0,0,0,7,187,2,92,255,1080,6,20,75102.0,2009.5974721322,76523,73681,31604504.0,37377336.3559744,58034272,5174736,BENIGN,1,0.0008524196260178973,,,
53,253,2,2,80,180,40,40,40.0,0.0,90,90,90.0,0.0,1027667.984,15810.27668,84.33333333,140.0083331,246,3,3,3.0,0.0,3,3,4,4.0,0.0,4,4,0,0,0,0,64,64,7905.13834,7905.13834,40,90,60.0,27.38612788,750.0,0,0,0,0,0,0,0,0,1,75.0,40.0,90.0,64,0,0,0,0,0,0,2,80,2,180,-1,-1,1,32,0.0,0.0,0,0,0.0,0.0,0,0,BENIGN,1,0.22780287155006484,,,
53,241,2,2,66,278,33,33,33.0,0.0,139,139,139.0,0.0,1427385.89211618,16597.510373444,80.3333333333,98.7994601875,191,1,1,1.0,0.0,1,1,49,49.0,0.0,49,49,0,0,0,0,40,40,8298.755186722,8298.755186722,33,139,75.4,58.0585910955,3370.8,0,0,0,0,0,0,0,0,1,94.25,33.0,139.0,40,0,0,0,0,0,0,2,66,2,278,-1,-1,1,20,0.0,0.0,0,0,0.0,0.0,0,0,BENIGN,1,0.22085918720649916,,,
53,28321369,2,2,89,263,45,44,44.5,0.7071067812,141,122,131.5,13.4350288425,12.428777719,0.1412361104,9440456.33333333,16298075.6025642,28259853,30341,28290194,28290194.0,0.0,28290194,28290194,28291028,28291028.0,0.0,28291028,28291028,0,0,0,0,52,52,0.0706180552,0.0706180552,44,141,79.2,48.2151428495,2324.7,0,0,0,0,0,0,0,0,1,99.0,44.5,131.5,52,0,0,0,0,0,0,2,89,2,263,-1,-1,1,20,30341.0,0.0,30341,30341,28259853.0,0.0,28259853,28259853,BENIGN,1,0.10899897057710106,,,
80,10977703,5,5,718,229,718,0,143.6,321.099361569,229,0,45.8,102.4119133695,86.2657698063,0.9109373792,1219744.77777778,3302601.16282056,9998079,52,10103450,2525862.5,4981538.92500731,9998079,231,10926739,2731684.75,4892639.65761165,10048956,3228,0,0,0,0,168,168,0.4554686896,0.4554686896,0,718,86.0909090909,220.5531475837,48643.6909090909,0,0,0,1,0,0,0,0,1,94.7,143.6,45.8,168,0,0,0,0,0,0,5,718,5,229,29200,111,1,32,105371.0,0.0,105371,105371,9998079.0,0.0,9998079,9998079,BENIGN,1,0.15569746527663525,,,
443,9,1,1,6,6,6,6,6.0,0.0,6,6,6.0,0.0,1333333.33333333,222222.222222222,9.0,0.0,9,9,0,0.0,0.0,0,0,0,0.0,0.0,0,0,0,0,0,0,20,20,111111.111111111,111111.111111111,6,6,6.0,0.0,0.0,0,0,0,0,1,0,0,0,1,9.0,6.0,6.0,20,0,0,0,0,0,0,1,6,1,6,255,60,0,20,0.0,0.0,0,0,0.0,0.0,0,0,BENIGN,1,0.19503845076268816,,,
389,350551,14,12,5078,3988,1684,0,362.7142857143,595.5340755699,1268,0,332.3333333333,475.4594588077,25862.1427409992,74.1689511655,14022.04,58241.1826985281,289456,3,350492,26960.9230769231,80058.5262443062,289456,3,350494,31863.0909090909,102044.655504788,339486,3,0,0,0,0,304,264,39.9371275506,34.2318236148,0,1684,335.7777777778,526.9767425413,277704.487179487,0,0,0,1,0,0,0,0,0,348.6923076923,362.7142857143,332.3333333333,304,0,0,0,0,0,0,14,5078,12,3988,8192,0,12,20,0.0,0.0,0,0,0.0,0.0,0,0,BENIGN,1,0.14262418253894177,,,
80,115121801,16,14,517,752,433,0,32.3125,106.86048147,746,0,53.7142857143,199.2599494944,11.0231076041,0.2605935604,3969717.27586207,4857936.89733278,10009612,121,115121801,7674786.73333333,4157455.79338314,10046351,165,110512396,8500953.53846154,3760144.37086963,10046528,19862,0,0,0,0,332,424,0.1389832322,0.1216103282,0,746,40.935483871,151.9427382237,23086.5956989247,0,0,0,1,0,0,0,0,0,42.3,32.3125,53.7142857143,332,0,0,0,0,0,0,16,517,14,752,8192,343,15,20,61241.3636363636,81014.119214212,305508,36706,9985349.36363636,62927.6346326044,10009612,9796745,BENIGN,1,0.12946057594585514,,,
63732,57,1,1,6,6,6,6,6.0,0.0,6,6,6.0,0.0,210526.315789474,35087.7192982456,57.0,0.0,57,57,0,0.0,0.0,0,0,0,0.0,0.0,0,0,0,0,0,0,20,20,17543.8596491228,17543.8596491228,6,6,6.0,0.0,0.0,0,0,0,0,1,1,0,0,1,9.0,6.0,6.0,20,0,0,0,0,0,0,1,6,1,6,299,253,0,20,0.0,0.0,0,0,0.0,0.0,0,0,BENIGN,1,0.20653831269210743,,,
53,188,2,2,64,204,32,32,32.0,0.0,102,102,102.0,0.0,1425531.915,21276.59574,62.66666667,67.5450467,136,3,3,3.0,0.0,3,3,49,49.0,0.0,49,49,0,0,0,0,80,80,10638.29787,10638.29787,32,102,60.0,38.34057903,1470.0,0,0,0,0,0,0,0,0,1,75.0,32.0,102.0,80,0,0,0,0,0,0,2,64,2,204,-1,-1,1,40,0.0,0.0,0,0,0.0,0.0,0,0,BENIGN,1,0.2204904373513777,,,
443,292250,17,12,871,11213,389,0,51.2352941176,110.78105062,1418,0,934.4166666667,680.7115873492,41348.1608212147,99.2301112062,10437.5,19894.1945812601,54120,0,292250,18265.625,23812.0978128765,54169,14,230046,20913.2727272727,36606.399858743,88759,3,0,0,0,0,556,392,58.1693755346,41.0607356715,0,1418,402.8,614.4303445272,377524.648275862,0,0,0,1,0,0,0,0,0,416.6896551724,51.2352941176,934.4166666667,556,0,0,0,0,0,0,17,871,12,11213,65535,349,6,32,0.0,0.0,0,0,0.0,0.0,0,0,BENIGN,1,0.1539090566155355,,,
123,23819,1,1,48,48,48,48,48.0,0.0,48,48,48.0,0.0,4030.3959024308,83.9665813006,23819.0,0.0,23819,23819,0,0.0,0.0,0,0,0,0.0,0.0,0,0,0,0,0,0,20,20,41.9832906503,41.9832906503,48,48,48.0,0.0,0.0,0,0,0,0,0,0,0,0,1,72.0,48.0,48.0,20,0,0,0,0,0,0,1,48,1,48,-1,-1,0,20,0.0,0.0,0,0,0.0,0.0,0,0,BENIGN,1,0.22572492999260835,,,
443,111455915,13,18,475,469,64,6,36.5384615385,23.764873885,60,6,26.0555555556,22.5296464091,8.4697164794,0.2781368759,3715197.16666667,7681617.17069424,24912061,158,111367920,9280660.0,10003688.8819829,25000450,80786,111405447,6553261.58823529,9359585.83585369,24912061,440,1,0,0,0,260,360,0.1166380447,0.1614988312,6,64,31.5,23.6411341904,558.9032258065,0,1,0,0,1,0,0,0,1,32.5161290323,36.5384615385,26.0555555556,260,0,0,0,0,0,0,13,475,18,469,251,118,12,20,175520.714285714,238239.69083727,715746,80786,15734154.5714286,8082459.09130233,24912061,5278347,BENIGN,1,0.005774579207683317,,,
443,5268749,11,10,2637,8149,1119,0,239.7272727273,368.4861166745,1955,0,814.9,732.7069218544,2047.1652758558,3.985765881,263437.45,1106372.6279491,4963408,8,5268616,526861.6,1559015.02215136,4963484,221,5235931,581770.111111111,1657495.16665151,5001294,49,0,0,0,0,240,208,2.0877821282,1.8979837529,0,1955,490.2727272727,623.8991968197,389250.207792208,0,0,0,1,0,0,0,0,0,513.619047619,239.7272727273,814.9,240,0,0,0,0,0,0,11,2637,10,8149,29200,12,10,20,0.0,0.0,0,0,0.0,0.0,0,0,BENIGN,1,0.13886559785904828,,,
53,162,2,2,60,264,30,30,30.0,0.0,132,132,132.0,0.0,2000000.0,24691.3580246914,54.0,87.4699948554,155,3,3,3.0,0.0,3,3,4,4.0,0.0,4,4,0,0,0,0,40,40,12345.6790123457,12345.6790123457,30,132,70.8,55.8677008655,3121.2,0,0,0,0,0,0,0,0,1,88.5,30.0,132.0,40,0,0,0,0,0,0,2,60,2,264,-1,-1,1,20,0.0,0.0,0,0,0.0,0.0,0,0,BENIGN,1,0.2223825306415283,,,
54876,49,2,0,37,0,31,6,18.5,17.6776695297,0,0,0.0,0.0,755102.040816327,40816.3265306122,49.0,0.0,49,49,49,49.0,0.0,49,49,0,0.0,0.0,0,0,1,0,0,0,40,0,40816.3265306122,0.0,6,31,22.6666666667,14.4337567297,208.3333333333,0,1,0,0,1,0,0,0,0,34.0,18.5,0.0,40,0,0,0,0,0,0,2,37,0,0,64,-1,1,20,0.0,0.0,0,0,0.0,0.0,0,0,BENIGN,1,0.18908191097902205,,,
53,34467092,2,2,150,307,94,56,75.0,26.8700576851,222,85,153.5,96.8736290226,13.2590239989,0.1160527265,11489030.6666667,19831624.3783715,34388616,30922,34419538,34419538.0,0.0,34419538,34419538,34436170,34436170.0,0.0,34436170,34436170,0,0,0,0,40,52,0.0580263632,0.0580263632,56,222,110.2,64.4142841302,4149.2,0,0,0,0,0,0,0,0,1,137.75,75.0,153.5,40,0,0,0,0,0,0,2,150,2,307,-1,-1,1,20,30922.0,0.0,30922,30922,34388616.0,0.0,34388616,34388616,BENIGN,1,0.07741980713892416,,,
3910,3,2,0,12,0,6,6,6.0,0.0,0,0,0.0,0.0,4000000.0,666666.666666667,3.0,0.0,3,3,3,3.0,0.0,3,3,0,0.0,0.0,0,0,0,0,0,0,40,0,666666.666666667,0.0,6,6,6.0,0.0,0.0,0,0,0,0,1,0,0,0,0,9.0,6.0,0.0,40,0,0,0,0,0,0,2,12,0,0,21204,-1,1,20,0.0,0.0,0,0,0.0,0.0,0,0,BENIGN,1,0.20251867921436817,,,
443,144878,6,7,1627,3369,972,0,271.1666667,396.6945508,1460,0,481.2857143,620.8026295,34484.1867,89.73066994,12073.16667,13084.2217,33117,4,120348,24069.6,12487.9861,34155,3158,120792,20132.0,24176.38239,59729,4,0,0,0,0,132,152,41.41415536,48.31651458,0,1460,356.8571429,509.8257405,259922.2857,0,0,0,1,0,0,0,0,1,384.3076923,271.1666667,481.2857143,132,0,0,0,0,0,0,6,1627,7,3369,8192,63,5,20,0.0,0.0,0,0,0.0,0.0,0,0,BENIGN,1,0.17364751080462432,,,
53,192,2,2,66,178,33,33,33.0,0.0,89,89,89.0,0.0,1270833.33333333,20833.3333333333,64.0,104.7902667236,185,3,4,4.0,0.0,4,4,3,3.0,0.0,3,3,0,0,0,0,64,64,10416.6666666667,10416.6666666667,33,89,55.4,30.6724632203,940.8,0,0,0,0,0,0,0,0,1,69.25,33.0,89.0,64,0,0,0,0,0,0,2,66,2,178,-1,-1,1,32,0.0,0.0,0,0,0.0,0.0,0,0,BENIGN,1,0.22780287155006484,,,
53,196,2,2,68,100,34,34,34.0,0.0,50,50,50.0,0.0,857142.857142857,20408.1632653061,65.3333333333,28.2901631903,98,49,49,49.0,0.0,49,49,49,49.0,0.0,49,49,0,0,0,0,40,40,10204.0816326531,10204.0816326531,34,50,40.4,8.7635609201,76.8,0,0,0,0,0,0,0,0,1,50.5,34.0,50.0,40,0,0,0,0,0,0,2,68,2,100,-1,-1,1,20,0.0,0.0,0,0,0.0,0.0,0,0,BENIGN,1,0.22660495772734707,,,
56184,61,1,1,6,6,6,6,6.0,0.0,6,6,6.0,0.0,196721.31147541,32786.8852459016,61.0,0.0,61,61,0,0.0,0.0,0,0,0,0.0,0.0,0,0,0,0,0,0,20,20,16393.4426229508,16393.4426229508,6,6,6.0,0.0,0.0,0,0,0,0,1,1,0,0,1,9.0,6.0,6.0,20,0,0,0,0,0,0,1,6,1,6,32,32850,0,20,0.0,0.0,0,0,0.0,0.0,0,0,BENIGN,1,0.19331481228554964,,,
53,65648535,2,2,101,178,55,46,50.5,6.3639610307,116,62,89.0,38.1837661841,4.2499044343,0.0609305295,21882845.0,37833860.601014,65569623,30570,65617965,65617965.0,0.0,65617965,65617965,65600193,65600193.0,0.0,65600193,65600193,0,0,0,0,52,64,0.0304652648,0.0304652648,46,116,66.8,28.0838031613,788.7,0,0,0,0,0,0,0,0,1,83.5,50.5,89.0,52,0,0,0,0,0,0,2,101,2,178,-1,-1,1,20,48342.0,0.0,48342,48342,65569623.0,0.0,65569623,65569623,BENIGN,1,0.005765294126257592,,,
53,142,2,2,82,114,41,41,41.0,0.0,57,57,57.0,0.0,1380281.69014085,28169.014084507,47.3333333333,76.7875858022,136,3,3,3.0,0.0,3,3,3,3.0,0.0,3,3,0,0,0,0,40,40,14084.5070422535,14084.5070422535,41,57,47.4,8.7635609201,76.8,0,0,0,0,0,0,0,0,1,59.25,41.0,57.0,40,0,0,0,0,0,0,2,82,2,114,-1,-1,1,20,0.0,0.0,0,0,0.0,0.0,0,0,BENIGN,1,0.22760408305938368,,,
443,3761885,13,11,1158,4074,517,0,89.0769230769,151.9218338151,1460,0,370.3636363636,565.6971403016,1390.7921161864,6.3797803495,163560.217391304,755160.099129796,3627312,1,3761885,313490.416666667,1058753.9577502,3675357,1,111469,11146.9,16302.4370601453,48094,1,0,0,0,0,272,232,3.455714356,2.9240659935,0,1460,209.28,407.9499070556,166423.126666667,0,0,0,1,0,0,0,0,0,218.0,89.0769230769,370.3636363636,272,0,0,0,0,0,0,13,1158,11,4074,8192,290,12,20,0.0,0.0,0,0,0.0,0.0,0,0,BENIGN,1,0.1827226954116526,,,
53,48616,2,2,56,112,28,28,28.0,0.0,56,56,56.0,0.0,3455.6524600955,82.2774395261,16205.3333333333,28023.4368044559,48564,3,49,49.0,0.0,49,49,3,3.0,0.0,3,3,0,0,0,0,40,40,41.138719763,41.138719763,28,56,39.2,15.3362316101,235.2,0,0,0,0,0,0,0,0,1,49.0,28.0,56.0,40,0,0,0,0,0,0,2,56,2,112,-1,-1,1,20,0.0,0.0,0,0,0.0,0.0,0,0,BENIGN,1,0.2343624733664038,,,
53,47819,2,2,68,370,34,34,34.0,0.0,185,185,185.0,0.0,9159.5390953387,83.6487588615,15939.6666666667,27564.1544099095,47768,3,3,3.0,0.0,3,3,48,48.0,0.0,48,48,0,0,0,0,64,40,41.8243794308,41.8243794308,34,185,94.4,82.7061061833,6840.3,0,0,0,0,0,0,0,0,1,118.0,34.0,185.0,64,0,0,0,0,0,0,2,68,2,370,-1,-1,1,32,0.0,0.0,0,0,0.0,0.0,0,0,BENIGN,1,0.21646453899030366,,,
58915,58,1,1,0,0,0,0,0.0,0.0,0,0,0.0,0.0,0.0,34482.7586206897,58.0,0.0,58,58,0,0.0,0.0,0,0,0,0.0,0.0,0,0,0,0,0,0,32,32,17241.3793103448,17241.3793103448,0,0,0.0,0.0,0.0,0,0,0,0,1,0,0,0,1,0.0,0.0,0.0,32,0,0,0,0,0,0,1,0,1,0,5101,65535,0,32,0.0,0.0,0,0,0.0,0.0,0,0,BENIGN,1,0.20180482669910754,,,
443,150146,27,31,647,49510,405,0,23.962962963,81.8185052801,4344,0,1597.0967741936,987.5830548985,334054.853276145,386.2906770743,2634.1403508772,6416.0578975127,23660,1,150146,5774.8461538462,9507.6558191483,25489,3,106711,3557.0333333333,7880.9917434876,24159,1,0,0,0,0,968,1000,179.8249703622,206.4657067121,0,4344,850.1186440678,1065.7846726424,1135896.96843951,0,0,0,1,0,0,0,0,1,864.775862069,23.962962963,1597.0967741936,968,0,0,0,0,0,0,27,647,31,49510,65535,31,5,32,0.0,0.0,0,0,0.0,0.0,0,0,BENIGN,1,0.06667244803270156,,,
53957,70916604,7,10,11613,68,5840,0,1659.0,2429.621575,20,0,6.8,5.006662228,164.7145991,0.239718191,4432287.75,16200000.0,64800000,0,70900000,11800000.0,28600000.0,70300000,3,70200000,7805496.778,21500000.0,64800000,0,0,0,0,0,152,212,0.09870749,0.1410107,0,5840,649.2777778,1664.45447,2770408.683,0,0,0,0,1,1,0,0,1,687.4705882,1659.0,6.8,152,0,0,0,0,0,0,7,11613,10,68,229,256,5,20,36986.0,0.0,36986,36986,35100000.0,42000000.0,64800000,5390832,BENIGN,-1,-0.04895595176135936,,,
58302,7,2,1,0,0,0,0,0.0,0.0,0,0,0.0,0.0,0.0,428571.428571429,3.5,0.7071067812,4,3,4,4.0,0.0,4,4,0,0.0,0.0,0,0,0,0,0,0,64,32,285714.285714286,142857.142857143,0,0,0.0,0.0,0.0,0,0,0,0,1,1,0,0,0,0.0,0.0,0.0,64,0,0,0,0,0,0,2,0,1,0,357,32832,0,32,0.0,0.0,0,0,0.0,0.0,0,0,BENIGN,1,0.1506857856196755,,,
61460,97887093,5,10,11613,68,11595,0,2322.6,5183.42983,20,0,6.8,5.006662228,119.3313607,0.153237772,6991935.214,25900000.0,97100000,1,97900000,24500000.0,48500000.0,97200000,13,97200000,10800000.0,32400000.0,97100000,1,0,0,0,0,112,212,0.051079257,0.102158514,0,11595,730.4375,2897.219747,8393882.263,0,0,0,0,1,1,0,0,2,779.1333333,2322.6,6.8,112,0,0,0,0,0,0,5,11613,10,68,229,256,3,20,33537.0,0.0,33537,33537,97100000.0,0.0,97100000,97100000,BENIGN,-1,-0.12381931022314285,,,
49545,32,1,1,6,6,6,6,6.0,0.0,6,6,6.0,0.0,375000.0,62500.0,32.0,0.0,32,32,0,0.0,0.0,0,0,0,0.0,0.0,0,0,0,0,0,0,20,20,31250.0,31250.0,6,6,6.0,0.0,0.0,0,0,0,0,1,1,0,0,1,9.0,6.0,6.0,20,0,0,0,0,0,0,1,6,1,6,117,16199,0,20,0.0,0.0,0,0,0.0,0.0,0,0,BENIGN,1,0.19515061049912563,,,
52757,3988232,1,5,6,30,6,6,6.0,0.0,6,6,6.0,0.0,9.026556128,1.504426021,797646.4,1768968.975,3962038,3,0,0.0,0.0,0,0,3983998,995999.5,1977382.604,3962038,3,0,0,0,0,20,100,0.25073767,1.253688351,6,6,6.0,0.0,0.0,0,0,0,0,1,1,0,0,5,7.0,6.0,6.0,20,0,0,0,0,0,0,1,6,5,30,229,0,0,20,0.0,0.0,0,0,0.0,0.0,0,0,BENIGN,1,0.16412136158386487,,,
53,31121,1,1,47,63,47,47,47.0,0.0,63,63,63.0,0.0,3534.590791,64.26528711,31121.0,0.0,31121,31121,0,0.0,0.0,0,0,0,0.0,0.0,0,0,0,0,0,0,20,20,32.13264355,32.13264355,47,63,52.33333333,9.237604307,85.33333333,0,0,0,0,0,0,0,0,1,78.5,47.0,63.0,20,0,0,0,0,0,0,1,47,1,63,-1,-1,0,20,0.0,0.0,0,0,0.0,0.0,0,0,BENIGN,1,0.22842627495988876,,,
53,30942,2,2,68,158,34,34,34.0,0.0,79,79,79.0,0.0,7303.9881067804,129.2741257837,10314.0,17858.3098584385,30935,3,4,4.0,0.0,4,4,3,3.0,0.0,3,3,0,0,0,0,40,40,64.6370628919,64.6370628919,34,79,52.0,24.6475150877,607.5,0,0,0,0,0,0,0,0,1,65.0,34.0,79.0,40,0,0,0,0,0,0,2,68,2,158,-1,-1,1,20,0.0,0.0,0,0,0.0,0.0,0,0,BENIGN,1,0.2327236398674698,,,
53,497,1,1,52,129,52,52,52.0,0.0,129,129,129.0,0.0,364185.110663984,4024.1448692153,497.0,0.0,497,497,0,0.0,0.0,0,0,0,0.0,0.0,0,0,0,0,0,0,32,32,2012.0724346077,2012.0724346077,52,129,77.6666666667,44.4559707276,1976.3333333333,0,0,0,0,0,0,0,0,1,116.5,52.0,129.0,32,0,0,0,0,0,0,1,52,1,129,-1,-1,0,32,0.0,0.0,0,0,0.0,0.0,0,0,BENIGN,1,0.21905966605794314,,,
443,10206157,12,12,1322,5973,517,0,110.1666666667,187.7105282722,1448,0,497.75,577.1426678828,714.7646268816,2.3515217334,443745.956521739,2082414.14080473,9996066,3,10206157,927832.454545455,3007683.01696879,9996066,3,187133,17012.0909090909,32275.0848595462,98340,48,0,0,0,0,392,392,1.1757608667,1.1757608667,0,1448,291.8,458.3320303012,210068.25,0,0,0,1,0,0,0,0,1,303.9583333333,110.1666666667,497.75,392,0,0,0,0,0,0,12,1322,12,5973,29200,33,5,32,206770.0,0.0,206770,206770,9996066.0,0.0,9996066,9996066,BENIGN,1,0.15125158093538837,,,
80,60803324,11,8,338,627,284,0,30.7272727273,84.0203438568,589,2,78.375,206.3284050108,15.8708428506,0.3124829162,3377962.44444444,4793922.36319232,9998542,90,60803324,6080332.4,5051131.22710882,10030513,17557,60230358,8604336.85714286,3771960.759014,10035384,50337,0,0,0,0,232,164,0.180911162,0.1315717542,0,589,48.25,141.711298439,20082.0921052632,0,0,0,1,0,0,0,0,0,50.7894736842,30.7272727273,78.375,232,0,0,0,0,0,0,11,338,8,627,8192,8190,10,20,74232.1666666667,103383.58464363,285263,31951,9964150.0,80183.0477544975,9998542,9800546,BENIGN,1,0.14389010876040464,,,
56626,61,1,1,6,6,6,6,6.0,0.0,6,6,6.0,0.0,196721.31147541,32786.8852459016,61.0,0.0,61,61,0,0.0,0.0,0,0,0,0.0,0.0,0,0,0,0,0,0,20,20,16393.4426229508,16393.4426229508,6,6,6.0,0.0,0.0,0,0,0,0,1,1,0,0,1,9.0,6.0,6.0,20,0,0,0,0,0,0,1,6,1,6,512,256,0,20,0.0,0.0,0,0,0.0,0.0,0,0,BENIGN,1,0.21138077679322415,,,
443,3,2,0,12,0,6,6,6.0,0.0,0,0,0.0,0.0,4000000.0,666666.666666667,3.0,0.0,3,3,3,3.0,0.0,3,3,0,0.0,0.0,0,0,0,0,0,0,40,0,666666.666666667,0.0,6,6,6.0,0.0,0.0,1,0,0,0,0,0,0,0,0,9.0,6.0,0.0,40,0,0,0,0,0,0,2,12,0,0,0,-1,1,20,0.0,0.0,0,0,0.0,0.0,0,0,BENIGN,1,0.18907109533355826,,,
80,22199,1,1,6,6,6,6,6.0,0.0,6,6,6.0,0.0,540.5648903104,90.0941483851,22199.0,0.0,22199,22199,0,0.0,0.0,0,0,0,0.0,0.0,0,0,0,0,0,0,20,20,45.0470741925,45.0470741925,6,6,6.0,0.0,0.0,0,0,0,0,1,1,0,0,1,9.0,6.0,6.0,20,0,0,0,0,0,0,1,6,1,6,29200,16384,0,20,0.0,0.0,0,0,0.0,0.0,0,0,BENIGN,1,0.19974847061814333,,,
53,46422,1,1,50,87,50,50,50.0,0.0,87,87,87.0,0.0,2951.186937228,43.0830209814,46422.0,0.0,46422,46422,0,0.0,0.0,0,0,0,0.0,0.0,0,0,0,0,0,0,32,20,21.5415104907,21.5415104907,50,87,62.3333333333,21.36195996,456.3333333333,0,0,0,0,0,0,0,0,1,93.5,50.0,87.0,32,0,0,0,0,0,0,1,50,1,87,-1,-1,0,32,0.0,0.0,0,0,0.0,0.0,0,0,BENIGN,1,0.2241314705812958,,,
38937,7366,15,6,19897,0,2896,0,1326.466667,1136.570208,0,0,0.0,0.0,2701194.678,2850.936736,368.3,1304.743576,5812,1,7366,526.1428571,1549.344817,5812,1,6122,1224.4,2732.810787,6113,1,0,0,0,0,496,208,2036.383383,814.5533532,0,2896,904.4090909,1122.979992,1261084.063,0,0,0,1,0,0,0,0,0,947.4761905,1326.466667,0.0,496,0,0,0,0,0,0,15,19897,6,0,29200,362,10,32,0.0,0.0,0,0,0.0,0.0,0,0,BENIGN,1,0.03969525396414941,,,
443,543025,17,11,886,4974,309,0,52.1176470588,90.6503463541,2836,0,452.1818181818,864.7680403648,10791.400027623,51.563003545,20112.037037037,34342.865646394,157388,4,543025,33939.0625,42761.2528900776,157388,4,394596,39459.6,60655.5563218335,195008,4,0,0,0,0,564,360,31.3061092952,20.2568942498,0,2836,202.0689655172,558.0873543397,311461.495073892,0,0,0,1,0,0,0,0,0,209.2857142857,52.1176470588,452.1818181818,564,0,0,0,0,0,0,17,886,11,4974,29200,357,7,32,0.0,0.0,0,0,0.0,0.0,0,0,BENIGN,1,0.16713401366982383,,,
53,160,2,2,72,194,36,36,36.0,0.0,97,97,97.0,0.0,1662500.0,25000.0,53.33333333,86.31531343,153,3,4,4.0,0.0,4,4,3,3.0,0.0,3,3,0,0,0,0,40,40,12500.0,12500.0,36,97,60.4,33.41107601,1116.3,0,0,0,0,0,0,0,0,1,75.5,36.0,97.0,40,0,0,0,0,0,0,2,72,2,194,-1,-1,1,20,0.0,0.0,0,0,0.0,0.0,0,0,BENIGN,1,0.2254515536441662,,,
47352,249,2,0,0,0,0,0,0.0,0.0,0,0,0.0,0.0,0.0,8032.1285140562,249.0,0.0,249,249,249,249.0,0.0,249,249,0,0.0,0.0,0,0,0,0,0,0,64,0,8032.1285140562,0.0,0,0,0.0,0.0,0.0,0,0,0,0,1,0,0,0,0,0.0,0.0,0.0,64,0,0,0,0,0,0,2,0,0,0,230,-1,0,32,0.0,0.0,0,0,0.0,0.0,0,0,BENIGN,1,0.22278273337348353,,,
53,30795,1,1,45,141,45,45,45.0,0.0,141,141,141.0,0.0,6039.9415489528,64.9456080533,30795.0,0.0,30795,30795,0,0.0,0.0,0,0,0,0.0,0.0,0,0,0,0,0,0,32,32,32.4728040266,32.4728040266,45,141,77.0,55.4256258422,3072.0,0,0,0,0,0,0,0,0,1,115.5,45.0,141.0,32,0,0,0,0,0,0,1,45,1,141,-1,-1,0,32,0.0,0.0,0,0,0.0,0.0,0,0,BENIGN,1,0.2227309931779073,,,
42156,3102079,1,5,1375,24,1375,1375,1375.0,0.0,6,0,4.8,2.683281573,450.9878697,1.934186718,620415.8,1380182.512,3089346,1,0,0.0,0.0,0,0,3100919,775229.75,1542753.803,3089346,1,1,0,0,0,20,112,0.322364453,1.611822265,0,1375,396.2857143,668.5927296,447016.2381,0,1,0,0,1,1,0,0,5,462.3333333,1375.0,4.8,20,0,0,0,0,0,0,1,1375,5,24,229,0,0,20,0.0,0.0,0,0,0.0,0.0,0,0,BENIGN,1,0.02750376434080859,,,
53,183,2,2,70,102,35,35,35.0,0.0,51,51,51.0,0.0,939890.7104,21857.9235,61.0,100.4589468,177,3,3,3.0,0.0,3,3,3,3.0,0.0,3,3,0,0,0,0,40,40,10928.96175,10928.96175,35,51,41.4,8.76356092,76.8,0,0,0,0,0,0,0,0,1,51.75,35.0,51.0,40,0,0,0,0,0,0,2,70,2,102,-1,-1,1,20,0.0,0.0,0,0,0.0,0.0,0,0,BENIGN,1,0.22964814860286997,,,
51314,138166,1,6,1375,30,1375,1375,1375.0,0.0,6,0,5.0,2.449489743,10168.92723,50.6636944,23027.66667,46231.04732,116187,1,0,0.0,0.0,0,0,119037,23807.4,51643.75363,116187,1,1,0,0,0,20,132,7.237670628,43.42602377,0,1375,347.5,634.1901472,402197.1429,0,1,0,0,1,1,0,0,6,397.1428571,1375.0,5.0,20,0,0,0,0,0,0,1,1375,6,30,229,0,0,20,0.0,0.0,0,0,0.0,0.0,0,0,BENIGN,1,0.025084439435783645,,,
443,55657,3,0,65,0,53,6,21.66666667,27.13546265,0,0,0.0,0.0,1167.867474,53.90157572,27828.5,39134.8248,55501,156,55657,27828.5,39134.8248,55501,156,0,0.0,0.0,0,0,0,0,0,0,60,0,53.90157572,0.0,6,53,17.75,23.5,552.25,0,0,0,0,1,0,0,0,0,23.66666667,21.66666667,0.0,60,0,0,0,0,0,0,3,65,0,0,63840,-1,2,20,0.0,0.0,0,0,0.0,0.0,0,0,BENIGN,1,0.21235165326363908,,,
80,73903755,8,6,56,11607,20,0,7.0,5.656854249,8760,0,1934.5,3414.854477,157.8133614,0.189435571,5684904.231,19200000.0,69300000,1,73200000,10500000.0,26000000.0,69300000,1,685358,137071.6,305898.9875,684280,1,0,0,0,0,172,132,0.108248898,0.081186673,0,8760,777.9333333,2262.786603,5120203.21,0,0,0,0,1,0,0,0,0,833.5,7.0,1934.5,172,0,0,0,0,0,0,8,56,6,11607,256,229,6,20,3873154.0,0.0,3873154,3873154,69300000.0,0.0,69300000,69300000,DDoS,-1,-0.00037156035207375204,32.0,32.0,🚨 DDoS Attack
80,98096418,9,4,62,11601,20,0,6.888888889,5.30199124,7300,0,2900.25,3563.297197,118.8932301,0.132522678,8174701.5,27500000.0,95600000,1,96300000,12000000.0,33800000.0,95600000,1,1782107,594035.6667,1020956.949,1772924,140,0,0,0,0,192,92,0.091746469,0.040776209,0,7300,833.5,2184.061804,4770125.962,0,0,0,0,1,0,0,0,0,897.6153846,6.888888889,2900.25,192,0,0,0,0,0,0,9,62,4,11601,256,229,7,20,681022.0,0.0,681022,681022,95600000.0,0.0,95600000,95600000,DDoS,-1,-0.022622485659816394,32.0,32.0,🚨 DDoS Attack
80,82153934,8,4,56,11607,20,0,7.0,5.656854249,11595,0,2901.75,5795.50069,141.965204,0.14606726,7468539.455,23100000.0,76900000,49,80800000,11500000.0,28900000.0,76900000,146,1358239,452746.3333,783279.0681,1357199,161,0,0,0,0,172,92,0.097378173,0.048689087,0,11595,897.6153846,3214.167532,10300000.0,0,0,0,0,1,0,0,0,0,972.4166667,7.0,2901.75,172,0,0,0,0,0,0,8,56,4,11607,256,229,6,20,3897465.0,0.0,3897465,3897465,76900000.0,0.0,76900000,76900000,DDoS,-1,-0.04321954778626291,32.0,32.0,🚨 DDoS Attack
80,93831216,8,5,56,11607,20,0,7.0,5.656854249,10135,0,2321.4,4413.201989,124.2976538,0.138546643,7819268.0,24300000.0,84700000,1,93700000,13400000.0,31600000.0,84700000,1,174546,43636.5,86630.24258,173581,14,0,0,0,0,172,112,0.085259473,0.05328717,0,10135,833.5,2705.044255,7317264.423,0,0,0,0,1,0,0,0,0,897.6153846,7.0,2321.4,172,0,0,0,0,0,0,8,56,5,11607,256,229,6,20,1011.0,0.0,1011,1011,46800000.0,53500000.0,84700000,8995761,DDoS,-1,-0.0010595694060739902,31.0,31.0,🚨 DDoS Attack
80,100290922,8,5,56,11607,20,0,7.0,5.656854249,5840,0,2321.4,3173.373883,116.2916819,0.129622898,8357576.833,27100000.0,94100000,1,100000000,14300000.0,35200000.0,94100000,1,31905,7976.25,15183.816,30742,3,0,0,0,0,172,112,0.079767938,0.049854961,0,5840,833.5,2103.115592,4423095.192,0,0,0,0,1,0,0,0,0,897.6153846,7.0,2321.4,172,0,0,0,0,0,0,8,56,5,11607,256,229,6,20,978.0,0.0,978,978,50100000.0,62100000.0,94100000,6189846,DDoS,-1,-0.015250423485511422,31.0,31.0,🚨 DDoS Attack
80,84303579,8,5,56,11607,20,0,7.0,5.656854249,7215,0,2321.4,3327.769794,138.3452534,0.154204604,7025298.25,23100000.0,80300000,3,82500000,11800000.0,30200000.0,80300000,3,1831251,457812.75,914950.2408,1830238,5,0,0,0,0,172,112,0.094895141,0.059309463,0,7215,833.5,2175.302587,4731941.346,0,0,0,0,1,0,0,0,0,897.6153846,7.0,2321.4,172,0,0,0,0,0,0,8,56,5,11607,256,229,6,20,2156023.0,0.0,2156023,2156023,80300000.0,0.0,80300000,80300000,DDoS,-1,-0.003916123850334463,32.0,32.0,🚨 DDoS Attack
80,81046267,8,4,56,11601,20,0,7.0,5.656854249,8760,0,2900.25,4128.319301,143.8314241,0.148063575,7367842.455,23700000.0,78700000,1,80700000,11500000.0,29600000.0,78700000,1,388369,129456.3333,218455.1774,381690,830,0,0,0,0,172,92,0.09870905,0.049354525,0,8760,897.1538462,2488.507044,6192667.308,0,0,0,0,1,0,0,0,0,971.9166667,7.0,2900.25,172,0,0,0,0,0,0,8,56,4,11601,256,229,6,20,1985996.0,0.0,1985996,1985996,78700000.0,0.0,78700000,78700000,DDoS,-1,-0.017803463401776076,32.0,32.0,🚨 DDoS Attack
80,94919678,8,5,56,11607,20,0,7.0,5.656854249,7300,0,2321.4,3346.363967,122.8723089,0.136957902,7909973.167,25800000.0,89800000,3,94800000,13500000.0,33700000.0,89800000,3,161866,40466.5,80218.57355,160793,3,0,0,0,0,172,112,0.084281786,0.052676116,0,7300,833.5,2184.061804,4770125.962,0,0,0,0,1,0,0,0,0,897.6153846,7.0,2321.4,172,0,0,0,0,0,0,8,56,5,11607,256,229,6,20,4909894.0,0.0,4909894,4909894,89800000.0,0.0,89800000,89800000,DDoS,-1,-0.013858123618375684,32.0,32.0,🚨 DDoS Attack
80,94196108,8,4,56,11601,20,0,7.0,5.656854249,8760,0,2900.25,4128.319301,123.7524591,0.127393798,8563282.545,25400000.0,84900000,99,92500000,13200000.0,31700000.0,84900000,162,1709602,569867.3333,983412.3658,1705412,194,0,0,0,0,172,92,0.084929199,0.042464599,0,8760,897.1538462,2488.507044,6192667.308,0,0,0,0,1,0,0,0,0,971.9166667,7.0,2900.25,172,0,0,0,0,0,0,8,56,4,11601,256,229,6,20,3017.0,0.0,3017,3017,46200000.0,54700000.0,84900000,7579947,DDoS,-1,-0.02684545444026809,31.0,31.0,🚨 DDoS Attack
80,92889238,9,6,62,11607,20,0,6.888888889,5.30199124,5840,0,1934.5,2538.919278,125.6227336,0.161482647,6634945.571,23400000.0,87900000,1,92400000,11600000.0,30900000.0,87900000,1,465139,93027.8,207380.8123,464001,3,0,0,0,0,192,132,0.096889588,0.064593059,0,5840,729.6875,1754.344767,3077725.563,0,0,0,0,1,0,0,0,0,778.3333333,6.888888889,1934.5,192,0,0,0,0,0,0,9,62,6,11607,256,229,7,20,4542987.0,0.0,4542987,4542987,87900000.0,0.0,87900000,87900000,DDoS,-1,-0.013309400376410485,32.0,32.0,🚨 DDoS Attack
80,97751404,8,4,56,11607,20,0,7.0,5.656854249,11595,0,2901.75,5795.50069,119.3128643,0.122760385,8886491.273,25200000.0,84000000,1,96300000,13800000.0,31300000.0,84000000,1,1430084,476694.6667,824909.5154,1429218,5,0,0,0,0,172,92,0.081840257,0.040920128,0,11595,897.6153846,3214.167532,10300000.0,0,0,0,0,1,0,0,0,0,972.4166667,7.0,2901.75,172,0,0,0,0,0,0,8,56,4,11607,256,229,6,20,2012.0,0.0,2012,2012,48200000.0,50700000.0,84000000,12300000,DDoS,-1,-0.03625663203036411,31.0,31.0,🚨 DDoS Attack
80,89478023,8,5,56,11607,20,0,7.0,5.656854249,7215,0,2321.4,3327.769794,130.3448557,0.145287072,7456501.917,25200000.0,87400000,4,89500000,12800000.0,32900000.0,87400000,4,27329,6832.25,12919.97968,26202,4,0,0,0,0,172,112,0.089407429,0.055879643,0,7215,833.5,2175.302587,4731941.346,0,0,0,0,1,0,0,0,0,897.6153846,7.0,2321.4,172,0,0,0,0,0,0,8,56,5,11607,256,229,6,20,2067079.0,0.0,2067079,2067079,87400000.0,0.0,87400000,87400000,DDoS,-1,-0.008299765323065644,32.0,32.0,🚨 DDoS Attack
80,95901930,9,4,62,11601,20,0,6.888888889,5.30199124,8760,0,2900.25,4128.319301,121.6138195,0.135555145,7991827.5,25500000.0,88700000,1,95900000,12000000.0,31100000.0,88700000,1,46610,15536.66667,23753.26298,42925,567,0,0,0,0,192,92,0.093845869,0.041709275,0,8760,833.5,2402.71381,5773033.654,0,0,0,0,1,0,0,0,0,897.6153846,6.888888889,2900.25,192,0,0,0,0,0,0,9,62,4,11601,256,229,7,20,1004.0,0.0,1004,1004,47900000.0,57700000.0,88700000,7147802,DDoS,-1,-0.03733192232601701,31.0,31.0,🚨 DDoS Attack
80,90726554,8,4,56,11601,20,0,7.0,5.656854249,8760,0,2900.25,4128.319301,128.4849858,0.132265577,8247868.545,27200000.0,90400000,1,90500000,12900000.0,34200000.0,90400000,1,267220,89073.33333,144156.8042,255400,186,0,0,0,0,172,92,0.088177051,0.044088526,0,8760,897.1538462,2488.507044,6192667.308,0,0,0,0,1,0,0,0,0,971.9166667,7.0,2900.25,172,0,0,0,0,0,0,8,56,4,11601,256,229,6,20,77455.0,0.0,77455,77455,90400000.0,0.0,90400000,90400000,DDoS,-1,-0.022857587086257403,32.0,32.0,🚨 DDoS Attack
80,101455510,8,4,56,11607,20,0,7.0,5.656854249,11595,0,2901.75,5795.50069,114.9567924,0.118278445,9223228.182,27800000.0,92800000,4,100000000,14300000.0,34700000.0,92800000,97,1325392,441797.3333,764360.8176,1324405,4,0,0,0,0,172,92,0.078852297,0.039426148,0,11595,897.6153846,3214.167532,10300000.0,0,0,0,0,1,0,0,0,0,972.4166667,7.0,2901.75,172,0,0,0,0,0,0,8,56,4,11607,256,229,6,20,943.0,0.0,943,943,50100000.0,60400000.0,92800000,7360353,DDoS,-1,-0.0618603915697451,31.0,31.0,🚨 DDoS Attack
80,97208682,8,5,56,11601,20,0,7.0,5.656854249,5840,0,2320.2,2436.833027,119.9172724,0.133732911,8100723.5,26200000.0,91000000,74,97200000,13900000.0,34100000.0,91000000,205,27428,6857.0,8212.75784,16975,157,0,0,0,0,172,112,0.082297176,0.051435735,0,5840,833.0714286,1774.906302,3150292.379,0,0,0,0,1,0,0,0,0,897.1538462,7.0,2320.2,172,0,0,0,0,0,0,8,56,5,11601,256,229,6,20,864.0,0.0,864,864,48600000.0,59900000.0,91000000,6199929,DDoS,-1,-0.010860544658033433,31.0,31.0,🚨 DDoS Attack
80,86954146,8,4,56,11601,20,0,7.0,5.656854249,8760,0,2900.25,4128.319301,134.0591626,0.13800377,7904922.364,25400000.0,84400000,48,86200000,12300000.0,31800000.0,84400000,48,729933,243311.0,412957.557,720122,173,0,0,0,0,172,92,0.092002514,0.046001257,0,8760,897.1538462,2488.507044,6192667.308,0,0,0,0,1,0,0,0,0,971.9166667,7.0,2900.25,172,0,0,0,0,0,0,8,56,4,11601,256,229,6,20,1778491.0,0.0,1778491,1778491,84400000.0,0.0,84400000,84400000,DDoS,-1,-0.03293638872948634,32.0,32.0,🚨 DDoS Attack
80,97413387,8,5,56,11601,20,0,7.0,5.656854249,4380,0,2320.2,2207.341206,119.6652776,0.133451884,8117782.25,26100000.0,90800000,16,95600000,13700000.0,34100000.0,90800000,204,1871516,467879.0,927441.2132,1859015,159,0,0,0,0,172,112,0.082124236,0.051327648,0,4380,833.0714286,1679.986285,2822353.918,0,0,0,0,1,0,0,0,0,897.1538462,7.0,2320.2,172,0,0,0,0,0,0,8,56,5,11601,256,229,6,20,4724361.0,0.0,4724361,4724361,90800000.0,0.0,90800000,90800000,DDoS,-1,-0.017066695722741554,32.0,32.0,🚨 DDoS Attack
80,101955305,9,5,62,11607,20,0,6.888888889,5.30199124,10135,0,2321.4,4413.201989,114.4521121,0.137315072,7842715.769,26600000.0,96200000,34,101000000,12600000.0,33800000.0,96200000,91,791872,197968.0,393884.4439,788792,188,0,0,0,0,192,112,0.088273975,0.049041097,0,10135,778.3333333,2615.387752,6840253.095,0,0,0,0,1,0,0,0,0,833.9285714,6.888888889,2321.4,192,0,0,0,0,0,0,9,62,5,11607,256,229,7,20,4989879.0,0.0,4989879,4989879,96200000.0,0.0,96200000,96200000,DDoS,-1,-0.0416271900959736,32.0,32.0,🚨 DDoS Attack
80,98910265,8,5,56,11601,20,0,7.0,5.656854249,4380,0,2320.2,2207.341206,117.8542996,0.131432263,8242522.083,27700000.0,96200000,0,98000000,14000000.0,36200000.0,96200000,0,914991,228747.75,440782.3335,889689,163,0,0,0,0,172,112,0.080881393,0.050550871,0,4380,833.0714286,1679.986285,2822353.918,0,0,0,0,1,0,0,0,0,897.1538462,7.0,2320.2,172,0,0,0,0,0,0,8,56,5,11601,256,229,6,20,1818021.0,0.0,1818021,1818021,96200000.0,0.0,96200000,96200000,DDoS,-1,-0.0208740372572922,32.0,32.0,🚨 DDoS Attack
80,100973272,8,5,56,11601,20,0,7.0,5.656854249,7300,0,2320.2,3022.508098,115.4463926,0.128746942,8414439.333,27500000.0,95700000,3,101000000,14400000.0,35900000.0,95700000,3,21069,5267.25,9823.3056,19998,190,0,0,0,0,172,112,0.079228887,0.049518055,0,7300,833.0714286,2033.250541,4134107.764,0,0,0,0,1,0,0,0,0,897.1538462,7.0,2320.2,172,0,0,0,0,0,0,8,56,5,11601,256,229,6,20,2002.0,0.0,2002,2002,50500000.0,63900000.0,95700000,5270880,DDoS,-1,-0.022404818484229927,31.0,31.0,🚨 DDoS Attack
80,80683651,8,4,56,11607,20,0,7.0,5.656854249,11595,0,2901.75,5795.50069,144.5522092,0.148729016,7334877.364,20800000.0,69200000,4,79500000,11400000.0,25800000.0,69200000,4,1217019,405673.0,701888.6089,1216144,4,0,0,0,0,172,92,0.099152677,0.049576339,0,11595,897.6153846,3214.167532,10300000.0,0,0,0,0,1,0,0,0,0,972.4166667,7.0,2901.75,172,0,0,0,0,0,0,8,56,4,11607,256,229,6,20,506.0,0.0,506,506,39700000.0,41700000.0,69200000,10200000,DDoS,-1,-0.009266557425005595,31.0,31.0,🚨 DDoS Attack
80,80743810,8,4,56,11607,20,0,7.0,5.656854249,11595,0,2901.75,5795.50069,144.4445091,0.148618204,7340346.364,21100000.0,70300000,3,80600000,11500000.0,26200000.0,70300000,3,188912,62970.66667,108157.6883,187859,13,0,0,0,0,172,92,0.099078802,0.049539401,0,11595,897.6153846,3214.167532,10300000.0,0,0,0,0,1,0,0,0,0,972.4166667,7.0,2901.75,172,0,0,0,0,0,0,8,56,4,11607,256,229,6,20,1428.0,0.0,1428,1428,40300000.0,42500000.0,70300000,10200000,DDoS,-1,-0.007790659355393803,31.0,31.0,🚨 DDoS Attack
80,75604734,8,4,56,11601,20,0,7.0,5.656854249,8760,0,2900.25,4128.319301,154.1834669,0.15872022,6873157.636,21700000.0,72200000,3,75400000,10800000.0,27100000.0,72200000,3,189817,63272.33333,103084.3525,182231,186,0,0,0,0,172,92,0.10581348,0.05290674,0,8760,897.1538462,2488.507044,6192667.308,0,0,0,0,1,0,0,0,0,971.9166667,7.0,2900.25,172,0,0,0,0,0,0,8,56,4,11601,256,229,6,20,3261933.0,0.0,3261933,3261933,72200000.0,0.0,72200000,72200000,DDoS,-1,-0.01619511421279185,32.0,32.0,🚨 DDoS Attack
80,82510430,8,5,56,11601,20,0,7.0,5.656854249,5840,0,2320.2,2436.833027,141.2791086,0.157555839,6875869.167,22600000.0,78500000,1,82400000,11800000.0,29500000.0,78500000,1,128762,32190.5,54648.17001,113534,189,0,0,0,0,172,112,0.096957439,0.060598399,0,5840,833.0714286,1774.906302,3150292.379,0,0,0,0,1,0,0,0,0,897.1538462,7.0,2320.2,172,0,0,0,0,0,0,8,56,5,11601,256,229,6,20,3876901.0,0.0,3876901,3876901,78500000.0,0.0,78500000,78500000,DDoS,-1,-0.004980517800260431,32.0,32.0,🚨 DDoS Attack
80,100075128,8,4,56,11601,20,0,7.0,5.656854249,8760,0,2900.25,4128.319301,116.482489,0.119909914,9097738.909,28500000.0,95000000,6,99000000,14100000.0,35700000.0,95000000,6,1037993,345997.6667,593185.3272,1030938,153,0,0,0,0,172,92,0.079939943,0.039969971,0,8760,897.1538462,2488.507044,6192667.308,0,0,0,0,1,0,0,0,0,971.9166667,7.0,2900.25,172,0,0,0,0,0,0,8,56,4,11601,256,229,6,20,4022706.0,0.0,4022706,4022706,95000000.0,0.0,95000000,95000000,DDoS,-1,-0.0444775614935371,32.0,32.0,🚨 DDoS Attack
80,99965663,8,5,56,11601,20,0,7.0,5.656854249,5840,0,2320.2,2436.833027,116.6100404,0.130044653,8330471.917,27700000.0,96200000,3,99100000,14200000.0,36200000.0,96200000,3,927711,231927.75,451577.6198,909175,188,0,0,0,0,172,112,0.080027479,0.050017174,0,5840,833.0714286,1774.906302,3150292.379,0,0,0,0,1,0,0,0,0,897.1538462,7.0,2320.2,172,0,0,0,0,0,0,8,56,5,11601,256,229,6,20,2882663.0,0.0,2882663,2882663,96200000.0,0.0,96200000,96200000,DDoS,-1,-0.026731575504448157,32.0,32.0,🚨 DDoS Attack
80,81135965,8,4,56,11607,20,0,7.0,5.656854249,11595,0,2901.75,5795.50069,143.7463645,0.147899886,7375996.818,21100000.0,70300000,2,80700000,11500000.0,26200000.0,70300000,2,474818,158272.6667,273470.5913,474049,4,0,0,0,0,172,92,0.098599924,0.049299962,0,11595,897.6153846,3214.167532,10300000.0,0,0,0,0,1,0,0,0,0,972.4166667,7.0,2901.75,172,0,0,0,0,0,0,8,56,4,11607,256,229,6,20,978.0,0.0,978,978,40300000.0,42300000.0,70300000,10400000,DDoS,-1,-0.008503042960141705,31.0,31.0,🚨 DDoS Attack
80,100095618,8,5,56,11601,20,0,7.0,5.656854249,5840,0,2320.2,2436.833027,116.4586446,0.129875815,8341301.5,27500000.0,95700000,1,100000000,14300000.0,35900000.0,95700000,1,15378,3844.5,4062.016371,8978,198,0,0,0,0,172,112,0.079923579,0.049952237,0,5840,833.0714286,1774.906302,3150292.379,0,0,0,0,1,0,0,0,0,897.1538462,7.0,2320.2,172,0,0,0,0,0,0,8,56,5,11601,256,229,6,20,4380917.0,0.0,4380917,4380917,95700000.0,0.0,95700000,95700000,DDoS,-1,-0.02721588933728547,32.0,32.0,🚨 DDoS Attack
80,91021006,8,4,56,11607,20,0,7.0,5.656854249,11595,0,2901.75,5795.50069,128.135257,0.131837699,8274636.909,24000000.0,80200000,1,89700000,12800000.0,29900000.0,80200000,1,1323691,441230.3333,763605.5704,1322966,5,0,0,0,0,172,92,0.087891799,0.0439459,0,11595,897.6153846,3214.167532,10300000.0,0,0,0,0,1,0,0,0,0,972.4166667,7.0,2901.75,172,0,0,0,0,0,0,8,56,4,11607,256,229,6,20,1009.0,0.0,1009,1009,44800000.0,49900000.0,80200000,9536871,DDoS,-1,-0.020548538064506183,31.0,31.0,🚨 DDoS Attack
80,80977041,8,5,56,11607,20,0,7.0,5.656854249,10135,0,2321.4,4413.201989,144.0284784,0.160539331,6748086.75,21900000.0,76300000,0,80200000,11500000.0,28600000.0,76300000,0,797228,199307.0,397974.7961,796269,4,0,0,0,0,172,112,0.098793435,0.061745897,0,10135,833.5,2705.044255,7317264.423,0,0,0,0,1,0,0,0,0,897.6153846,7.0,2321.4,172,0,0,0,0,0,0,8,56,5,11607,256,229,6,20,3842934.0,0.0,3842934,3842934,76300000.0,0.0,76300000,76300000,DDoS,-1,-0.013051905788471818,32.0,32.0,🚨 DDoS Attack
80,91572465,8,4,56,11607,20,0,7.0,5.656854249,11595,0,2901.75,5795.50069,127.3636131,0.131043759,8324769.545,26600000.0,88400000,1,90400000,12900000.0,33300000.0,88400000,1,1218085,406028.3333,702402.6734,1217093,187,0,0,0,0,172,92,0.087362506,0.043681253,0,11595,897.6153846,3214.167532,10300000.0,0,0,0,0,1,0,0,0,0,972.4166667,7.0,2901.75,172,0,0,0,0,0,0,8,56,4,11607,256,229,6,20,1972977.0,0.0,1972977,1972977,88400000.0,0.0,88400000,88400000,DDoS,-1,-0.04673103711871651,32.0,32.0,🚨 DDoS Attack
80,91730330,8,4,56,11601,20,0,7.0,5.656854249,8760,0,2900.25,4128.319301,127.0790152,0.130818236,8339120.909,27300000.0,90700000,1,91700000,13100000.0,34200000.0,90700000,1,73813,24604.33333,37153.67484,67386,440,0,0,0,0,172,92,0.087212158,0.043606079,0,8760,897.1538462,2488.507044,6192667.308,0,0,0,0,1,0,0,0,0,971.9166667,7.0,2900.25,172,0,0,0,0,0,0,8,56,4,11601,256,229,6,20,911015.0,0.0,911015,911015,90700000.0,0.0,90700000,90700000,DDoS,-1,-0.026273773522449417,32.0,32.0,🚨 DDoS Attack
80,100316661,9,4,62,11607,20,0,6.888888889,5.30199124,11595,0,2901.75,5795.50069,116.3216547,0.12958964,8359721.75,25800000.0,89700000,1,100000000,12500000.0,31400000.0,89700000,1,211274,70424.66667,121308.5092,210499,13,0,0,0,0,192,92,0.089715905,0.039873735,0,11595,833.9285714,3097.25274,9592974.533,0,0,0,0,1,0,0,0,0,898.0769231,6.888888889,2901.75,192,0,0,0,0,0,0,9,62,4,11607,256,229,7,20,1997.0,0.0,1997,1997,50100000.0,56100000.0,89700000,10400000,DDoS,-1,-0.04643633907665734,31.0,31.0,🚨 DDoS Attack
80,101787482,9,6,62,11607,20,0,6.888888889,5.30199124,5840,0,1934.5,2538.919278,114.640816,0.147365862,7270534.429,25400000.0,95500000,1,102000000,12700000.0,33500000.0,95500000,1,50047,10009.4,20838.40477,47250,47,0,0,0,0,192,132,0.088419517,0.058946345,0,5840,729.6875,1754.344767,3077725.563,0,0,0,0,1,0,0,0,0,778.3333333,6.888888889,1934.5,192,0,0,0,0,0,0,9,62,6,11607,256,229,7,20,2842.0,0.0,2842,2842,50900000.0,63100000.0,95500000,6266679,DDoS,-1,-0.004085488874803089,31.0,31.0,🚨 DDoS Attack
80,94209161,8,5,56,11601,20,0,7.0,5.656854249,5840,0,2320.2,2436.833027,123.7353127,0.137990827,7850763.417,25700000.0,89500000,4,94100000,13400000.0,33600000.0,89500000,4,129722,32430.5,46760.63465,99310,160,0,0,0,0,172,112,0.084917432,0.053073395,0,5840,833.0714286,1774.906302,3150292.379,0,0,0,0,1,0,0,0,0,897.1538462,7.0,2320.2,172,0,0,0,0,0,0,8,56,5,11601,256,229,6,20,4617037.0,0.0,4617037,4617037,89500000.0,0.0,89500000,89500000,DDoS,-1,-0.018373652445096478,32.0,32.0,🚨 DDoS Attack
80,89898968,9,4,62,11607,20,0,6.888888889,5.30199124,11595,0,2901.75,5795.50069,129.8012676,0.144606777,7491580.667,24100000.0,83800000,0,89100000,11100000.0,29400000.0,83800000,0,778455,259485.0,448819.5372,777737,5,0,0,0,0,192,92,0.100112384,0.044494393,0,11595,833.9285714,3097.25274,9592974.533,0,0,0,0,1,0,0,0,0,898.0769231,6.888888889,2901.75,192,0,0,0,0,0,0,9,62,4,11607,256,229,7,20,1051.0,0.0,1051,1051,44600000.0,55500000.0,83800000,5304808,DDoS,-1,-0.025764247713603416,31.0,31.0,🚨 DDoS Attack
80,83830879,8,4,56,11601,20,0,7.0,5.656854249,8760,0,2900.25,4128.319301,139.0537728,0.143145344,7620989.0,23400000.0,78100000,3,83800000,12000000.0,29200000.0,78100000,3,45248,15082.66667,15928.50079,32236,758,0,0,0,0,172,92,0.095430229,0.047715115,0,8760,897.1538462,2488.507044,6192667.308,0,0,0,0,1,0,0,0,0,971.9166667,7.0,2900.25,172,0,0,0,0,0,0,8,56,4,11601,256,229,6,20,998.0,0.0,998,998,41900000.0,51200000.0,78100000,5687891,DDoS,-1,-0.006260460649895494,31.0,31.0,🚨 DDoS Attack
80,70793948,8,5,56,11607,20,0,7.0,5.656854249,10135,0,2321.4,4413.201989,164.7457209,0.183631516,5899495.667,19600000.0,68200000,3,70200000,10000000.0,25600000.0,68200000,3,575739,143934.75,287149.7461,574659,4,0,0,0,0,172,112,0.11300401,0.070627506,0,10135,833.5,2705.044255,7317264.423,0,0,0,0,1,0,0,0,0,897.6153846,7.0,2321.4,172,0,0,0,0,0,0,8,56,5,11607,256,229,6,20,2052948.0,0.0,2052948,2052948,68200000.0,0.0,68200000,68200000,DDoS,-1,-0.005935779328611668,32.0,32.0,🚨 DDoS Attack
80,97828900,9,6,62,11601,20,0,6.888888889,5.30199124,2920,0,1933.5,1495.722401,119.2183496,0.153328924,6987778.571,24900000.0,93400000,2,97700000,12200000.0,32900000.0,93400000,2,121683,24336.6,43204.94206,99898,51,0,0,0,0,192,132,0.091997355,0.06133157,0,2920,729.3125,1293.749111,1673786.763,0,0,0,0,1,0,0,0,0,777.9333333,6.888888889,1933.5,192,0,0,0,0,0,0,9,62,6,11601,256,229,7,20,4274868.0,0.0,4274868,4274868,93400000.0,0.0,93400000,93400000,DDoS,-1,-0.013202723461883337,32.0,32.0,🚨 DDoS Attack
80,95862711,8,4,56,11607,20,0,7.0,5.656854249,11595,0,2901.75,5795.50069,121.6635736,0.125179018,8714791.909,25400000.0,84700000,1,95800000,13700000.0,31600000.0,84700000,1,37413,12471.0,10671.86151,20085,273,0,0,0,0,172,92,0.083452678,0.041726339,0,11595,897.6153846,3214.167532,10300000.0,0,0,0,0,1,0,0,0,0,972.4166667,7.0,2901.75,172,0,0,0,0,0,0,8,56,4,11607,256,229,6,20,973.0,0.0,973,973,47900000.0,52100000.0,84700000,11100000,DDoS,-1,-0.037110434039571594,31.0,31.0,🚨 DDoS Attack
80,102032340,8,5,56,11601,20,0,7.0,5.656854249,5840,0,2320.2,2436.833027,114.2480904,0.127410584,8502695.0,28400000.0,98700000,14,102000000,14600000.0,37100000.0,98700000,243,34570,8642.5,16421.99388,33271,46,0,0,0,0,172,112,0.078406513,0.049004071,0,5840,833.0714286,1774.906302,3150292.379,0,0,0,0,1,0,0,0,0,897.1538462,7.0,2320.2,172,0,0,0,0,0,0,8,56,5,11601,256,229,6,20,3302610.0,0.0,3302610,3302610,98700000.0,0.0,98700000,98700000,DDoS,-1,-0.02797945002583757,32.0,32.0,🚨 DDoS Attack
80,81904850,8,4,56,11601,20,0,7.0,5.656854249,8760,0,2900.25,4128.319301,142.3236841,0.14651147,7445895.455,23200000.0,77400000,3,81900000,11700000.0,29000000.0,77400000,3,19070,6356.666667,10249.68743,18188,175,0,0,0,0,172,92,0.097674314,0.048837157,0,8760,897.1538462,2488.507044,6192667.308,0,0,0,0,1,0,0,0,0,971.9166667,7.0,2900.25,172,0,0,0,0,0,0,8,56,4,11601,256,229,6,20,4518973.0,0.0,4518973,4518973,77400000.0,0.0,77400000,77400000,DDoS,-1,-0.02426132354418209,32.0,32.0,🚨 DDoS Attack
80,71465254,9,4,62,11601,20,0,6.888888889,5.30199124,7215,0,2900.25,3540.00286,163.1981886,0.181906581,5955437.833,19000000.0,66300000,1,70300000,8781883.5,23300000.0,66300000,1,1221135,407045.0,695247.8651,1209823,160,0,0,0,0,192,92,0.125935325,0.055971256,0,7215,833.5,2175.302587,4731941.346,0,0,0,0,1,0,0,0,0,897.6153846,6.888888889,2900.25,192,0,0,0,0,0,0,9,62,4,11601,256,229,7,20,3968955.0,0.0,3968955,3968955,66300000.0,0.0,66300000,66300000,DDoS,-1,-0.0043286809294219575,32.0,32.0,🚨 DDoS Attack
80,78382553,8,5,56,11607,20,0,7.0,5.656854249,10135,0,2321.4,4413.201989,148.7958679,0.165853235,6531879.417,21700000.0,75300000,1,76600000,10900000.0,28400000.0,75300000,1,1802729,450682.25,900619.9277,1801612,5,0,0,0,0,172,112,0.102063529,0.063789706,0,10135,833.5,2705.044255,7317264.423,0,0,0,0,1,0,0,0,0,897.6153846,7.0,2321.4,172,0,0,0,0,0,0,8,56,5,11607,256,229,6,20,1293967.0,0.0,1293967,1293967,75300000.0,0.0,75300000,75300000,DDoS,-1,-0.001232121481159032,32.0,32.0,🚨 DDoS Attack
80,87624307,8,4,56,11607,20,0,7.0,5.656854249,11595,0,2901.75,5795.50069,133.1023365,0.136948301,7965846.091,25500000.0,84700000,10,86900000,12400000.0,31900000.0,84700000,229,704041,234680.3333,405705.135,703148,10,0,0,0,0,172,92,0.091298868,0.045649434,0,11595,897.6153846,3214.167532,10300000.0,0,0,0,0,1,0,0,0,0,972.4166667,7.0,2901.75,172,0,0,0,0,0,0,8,56,4,11607,256,229,6,20,2226648.0,0.0,2226648,2226648,84700000.0,0.0,84700000,84700000,DDoS,-1,-0.04215001920033512,32.0,32.0,🚨 DDoS Attack
80,89556770,8,6,56,11607,20,0,7.0,5.656854249,4380,0,1934.5,2177.344966,130.2302439,0.156325424,6888982.308,23900000.0,86400000,2,88600000,12700000.0,32500000.0,86400000,3,975281,195056.2,435699.5261,974459,2,0,0,0,0,172,132,0.089328813,0.06699661,0,4380,777.9333333,1627.46176,2648631.781,0,0,0,0,1,0,0,0,0,833.5,7.0,1934.5,172,0,0,0,0,0,0,8,56,6,11607,256,229,6,20,2157933.0,0.0,2157933,2157933,86400000.0,0.0,86400000,86400000,DDoS,-1,-0.0004218247967819888,32.0,32.0,🚨 DDoS Attack
80,89500176,8,5,56,11607,20,0,7.0,5.656854249,8675,0,2321.4,3769.536019,130.3125929,0.145251111,7458348.0,24300000.0,84500000,1,88600000,12700000.0,31700000.0,84500000,1,894792,223698.0,446632.7782,893647,150,0,0,0,0,172,112,0.089385299,0.055865812,0,8675,833.5,2386.768615,5696664.423,0,0,0,0,1,0,0,0,0,897.6153846,7.0,2321.4,172,0,0,0,0,0,0,8,56,5,11607,256,229,6,20,4099910.0,0.0,4099910,4099910,84500000.0,0.0,84500000,84500000,DDoS,-1,-0.01723572212365798,32.0,32.0,🚨 DDoS Attack
80,78358926,8,5,56,11601,20,0,7.0,5.656854249,7300,0,2320.2,3032.755381,148.7641625,0.165903244,6529910.5,21300000.0,74200000,11,78300000,11200000.0,27800000.0,74200000,11,45088,11272.0,14962.02988,31725,42,0,0,0,0,172,112,0.102094304,0.06380894,0,7300,833.0714286,2037.940154,4153200.071,0,0,0,0,1,0,0,0,0,897.1538462,7.0,2320.2,172,0,0,0,0,0,0,8,56,5,11601,256,229,6,20,4130962.0,0.0,4130962,4130962,74200000.0,0.0,74200000,74200000,DDoS,-1,-0.004108331966628631,32.0,32.0,🚨 DDoS Attack
80,86837660,8,5,56,11607,20,0,7.0,5.656854249,8675,0,2321.4,3769.536019,134.3080871,0.149704633,7236471.667,23900000.0,83100000,3,86800000,12400000.0,31200000.0,83100000,3,80409,20102.25,39456.60172,79284,4,0,0,0,0,172,112,0.092125928,0.057578705,0,8675,833.5,2386.768615,5696664.423,0,0,0,0,1,0,0,0,0,897.6153846,7.0,2321.4,172,0,0,0,0,0,0,8,56,5,11607,256,229,6,20,3651150.0,0.0,3651150,3651150,83100000.0,0.0,83100000,83100000,DDoS,-1,-0.014401476864669194,32.0,32.0,🚨 DDoS Attack
80,73103116,9,4,62,11607,20,0,6.888888889,5.30199124,11595,0,2901.75,5795.50069,159.6238387,0.177830997,6091926.333,18300000.0,63600000,1,72500000,9067691.75,22300000.0,63600000,1,562352,187450.6667,323791.7623,561333,184,0,0,0,0,192,92,0.123113767,0.05471723,0,11595,833.9285714,3097.25274,9592974.533,0,0,0,0,1,0,0,0,0,898.0769231,6.888888889,2901.75,192,0,0,0,0,0,0,9,62,4,11607,256,229,7,20,997.0,0.0,997,997,36300000.0,38700000.0,63600000,8933771,DDoS,-1,-0.008085064136754694,31.0,31.0,🚨 DDoS Attack
80,90059796,8,6,56,11607,20,0,7.0,5.656854249,4380,0,1934.5,2177.344966,129.5028472,0.155452273,6927676.615,24100000.0,87100000,2,89200000,12700000.0,32800000.0,87100000,3,874064,174812.8,390356.194,873103,2,0,0,0,0,172,132,0.08882987,0.066622403,0,4380,777.9333333,1627.46176,2648631.781,0,0,0,0,1,0,0,0,0,833.5,7.0,1934.5,172,0,0,0,0,0,0,8,56,6,11607,256,229,6,20,2103015.0,0.0,2103015,2103015,87100000.0,0.0,87100000,87100000,DDoS,-1,-0.0004218247967819888,32.0,32.0,🚨 DDoS Attack
80,101464988,9,4,62,11607,20,0,6.888888889,5.30199124,11595,0,2901.75,5795.50069,115.0051878,0.128123013,8455415.667,26300000.0,91600000,1,101000000,12600000.0,32100000.0,91600000,1,522588,174196.0,300820.2871,521553,92,0,0,0,0,192,92,0.088700548,0.039422466,0,11595,833.9285714,3097.25274,9592974.533,0,0,0,0,1,0,0,0,0,898.0769231,6.888888889,2901.75,192,0,0,0,0,0,0,9,62,4,11607,256,229,7,20,1003.0,0.0,1003,1003,50500000.0,58100000.0,91600000,9378775,DDoS,-1,-0.05961041611971818,31.0,31.0,🚨 DDoS Attack
80,98920502,8,5,56,11607,20,0,7.0,5.656854249,8760,0,2321.4,3802.315321,117.9027579,0.131418662,8243375.167,26900000.0,93600000,2,97600000,13900000.0,35200000.0,93600000,2,1290207,322551.75,644461.5952,1289244,3,0,0,0,0,172,112,0.080873023,0.050545639,0,8760,833.5,2402.71381,5773033.654,0,0,0,0,1,0,0,0,0,897.6153846,7.0,2321.4,172,0,0,0,0,0,0,8,56,5,11607,256,229,6,20,4028874.0,0.0,4028874,4028874,93600000.0,0.0,93600000,93600000,DDoS,-1,-0.028007163626891263,32.0,32.0,🚨 DDoS Attack
80,72145645,8,4,56,11607,20,0,7.0,5.656854249,11595,0,2901.75,5795.50069,161.6590995,0.166330206,6558695.0,18100000.0,60200000,1,71100000,10200000.0,22500000.0,60200000,1,1044747,348249.0,602688.7949,1044174,5,0,0,0,0,172,92,0.110886804,0.055443402,0,11595,897.6153846,3214.167532,10300000.0,0,0,0,0,1,0,0,0,0,972.4166667,7.0,2901.75,172,0,0,0,0,0,0,8,56,4,11607,256,229,6,20,997.0,0.0,997,997,35500000.0,34900000.0,60200000,10900000,DDoS,-1,-0.0017418209775859061,31.0,31.0,🚨 DDoS Attack
80,79170612,8,4,56,11607,20,0,7.0,5.656854249,11595,0,2901.75,5795.50069,147.3147637,0.151571394,7197328.364,23000000.0,76500000,6,78400000,11200000.0,28800000.0,76500000,49,794160,264720.0,457724.9546,793255,6,0,0,0,0,172,92,0.101047596,0.050523798,0,11595,897.6153846,3214.167532,10300000.0,0,0,0,0,1,0,0,0,0,972.4166667,7.0,2901.75,172,0,0,0,0,0,0,8,56,4,11607,256,229,6,20,1860413.0,0.0,1860413,1860413,76500000.0,0.0,76500000,76500000,DDoS,-1,-0.03395338726983255,32.0,32.0,🚨 DDoS Attack
80,78505067,8,5,56,11607,20,0,7.0,5.656854249,10135,0,2321.4,4413.201989,148.563659,0.165594407,6542088.917,21400000.0,74200000,3,78400000,11200000.0,27800000.0,74200000,3,96655,24163.75,47653.62982,95642,4,0,0,0,0,172,112,0.10190425,0.063690156,0,10135,833.5,2705.044255,7317264.423,0,0,0,0,1,0,0,0,0,897.6153846,7.0,2321.4,172,0,0,0,0,0,0,8,56,5,11607,256,229,6,20,4170909.0,0.0,4170909,4170909,74200000.0,0.0,74200000,74200000,DDoS,-1,-0.016597385155652677,32.0,32.0,🚨 DDoS Attack
80,96859814,8,5,56,11601,20,0,7.0,5.656854249,4380,0,2320.2,2207.341206,120.3491884,0.134214588,8071651.167,26900000.0,93600000,50,96700000,13800000.0,35200000.0,93600000,236,131485,32871.25,63333.14563,127842,50,0,0,0,0,172,112,0.082593592,0.051620995,0,4380,833.0714286,1679.986285,2822353.918,0,0,0,0,1,0,0,0,0,897.1538462,7.0,2320.2,172,0,0,0,0,0,0,8,56,5,11601,256,229,6,20,3168930.0,0.0,3168930,3168930,93600000.0,0.0,93600000,93600000,DDoS,-1,-0.02335874815508221,32.0,32.0,🚨 DDoS Attack
80,90159552,8,4,56,11607,20,0,7.0,5.656854249,11595,0,2901.75,5795.50069,129.3595603,0.133097378,8196322.909,26000000.0,86600000,59,89900000,12800000.0,32600000.0,86600000,249,217879,72626.33333,123183.0558,214860,390,0,0,0,0,172,92,0.088731586,0.044365793,0,11595,897.6153846,3214.167532,10300000.0,0,0,0,0,1,0,0,0,0,972.4166667,7.0,2901.75,172,0,0,0,0,0,0,8,56,4,11607,256,229,6,20,3298096.0,0.0,3298096,3298096,86600000.0,0.0,86600000,86600000,DDoS,-1,-0.053411999952614475,32.0,32.0,🚨 DDoS Attack
80,81930120,9,4,62,11607,20,0,6.888888889,5.30199124,11595,0,2901.75,5795.50069,142.426253,0.158671805,6827510.0,22000000.0,76500000,1,80600000,10100000.0,26900000.0,76500000,1,1343024,447674.6667,774835.015,1342377,5,0,0,0,0,192,92,0.109849711,0.048822094,0,11595,833.9285714,3097.25274,9592974.533,0,0,0,0,1,0,0,0,0,898.0769231,6.888888889,2901.75,192,0,0,0,0,0,0,9,62,4,11607,256,229,7,20,4070880.0,0.0,4070880,4070880,76500000.0,0.0,76500000,76500000,DDoS,-1,-0.03856716997124665,32.0,32.0,🚨 DDoS Attack
80,77768430,8,4,56,11607,20,0,7.0,5.656854249,11595,0,2901.75,5795.50069,149.9708815,0.154304259,7069857.273,20000000.0,66800000,1,76900000,11000000.0,24900000.0,66800000,1,875451,291817.0,504772.5733,874678,10,0,0,0,0,172,92,0.102869506,0.051434753,0,11595,897.6153846,3214.167532,10300000.0,0,0,0,0,1,0,0,0,0,972.4166667,7.0,2901.75,172,0,0,0,0,0,0,8,56,4,11607,256,229,6,20,995.0,0.0,995,995,38400000.0,40100000.0,66800000,10100000,DDoS,-1,-0.004330372889829959,31.0,31.0,🚨 DDoS Attack
80,73638759,8,4,56,11607,20,0,7.0,5.656854249,11595,0,2901.75,5795.50069,158.3812677,0.162957662,6694432.636,20000000.0,66600000,3,72600000,10400000.0,24900000.0,66600000,3,1010606,336868.6667,582746.3319,1009766,6,0,0,0,0,172,92,0.108638441,0.054319221,0,11595,897.6153846,3214.167532,10300000.0,0,0,0,0,1,0,0,0,0,972.4166667,7.0,2901.75,172,0,0,0,0,0,0,8,56,4,11607,256,229,6,20,967.0,0.0,967,967,36300000.0,42800000.0,66600000,6024860,DDoS,-1,-0.0033299493840326377,31.0,31.0,🚨 DDoS Attack
80,78125284,8,4,56,11607,20,0,7.0,5.656854249,11595,0,2901.75,5795.50069,149.2858573,0.153599442,7102298.545,21100000.0,70500000,1,76300000,10900000.0,26400000.0,70500000,1,1829549,609849.6667,1055379.678,1828497,5,0,0,0,0,172,92,0.102399628,0.051199814,0,11595,897.6153846,3214.167532,10300000.0,0,0,0,0,1,0,0,0,0,972.4166667,7.0,2901.75,172,0,0,0,0,0,0,8,56,4,11607,256,229,6,20,2972.0,0.0,2972,2972,38100000.0,45700000.0,70500000,5839926,DDoS,-1,-0.010592019230400429,31.0,31.0,🚨 DDoS Attack
80,96854676,8,5,56,11601,20,0,7.0,5.656854249,4380,0,2320.2,2207.341206,120.3555727,0.134221708,8071223.0,27600000.0,95600000,1,96800000,13800000.0,36100000.0,95600000,1,102129,25532.25,45334.90297,93335,152,0,0,0,0,172,112,0.082597974,0.051623734,0,4380,833.0714286,1679.986285,2822353.918,0,0,0,0,1,0,0,0,0,897.1538462,7.0,2320.2,172,0,0,0,0,0,0,8,56,5,11601,256,229,6,20,1166077.0,0.0,1166077,1166077,95600000.0,0.0,95600000,95600000,DDoS,-1,-0.005471845217709492,32.0,32.0,🚨 DDoS Attack
80,97130617,8,7,56,11607,20,0,7.0,5.656854249,5840,0,1658.142857,2127.59774,120.0754238,0.154431223,6937901.214,25000000.0,93900000,0,95800000,13700000.0,35400000.0,93900000,0,1312928,218821.3333,535416.7503,1311736,2,0,0,0,0,172,152,0.082363319,0.072067904,0,5840,729.3125,1589.473738,2526426.763,0,0,0,0,1,0,0,0,0,777.9333333,7.0,1658.142857,172,0,0,0,0,0,0,8,56,7,11607,256,229,6,20,1919952.0,0.0,1919952,1919952,93900000.0,0.0,93900000,93900000,DDoS,-1,-0.007930789692028428,32.0,32.0,🚨 DDoS Attack
80,76649077,8,5,56,11601,20,0,7.0,5.656854249,7300,0,2320.2,3022.508098,152.0827185,0.16960413,6387423.083,21300000.0,74100000,1,76600000,10900000.0,27900000.0,74100000,1,21180,5295.0,7356.039469,15822,186,0,0,0,0,172,112,0.104371772,0.065232358,0,7300,833.0714286,2033.250541,4134107.764,0,0,0,0,1,0,0,0,0,897.1538462,7.0,2320.2,172,0,0,0,0,0,0,8,56,5,11601,256,229,6,20,2516996.0,0.0,2516996,2516996,74100000.0,0.0,74100000,74100000,DDoS,-1,-5.702369415949704e-05,32.0,32.0,🚨 DDoS Attack
80,92639654,8,5,56,11601,20,0,7.0,5.656854249,7300,0,2320.2,3022.508098,125.8316444,0.140328676,7719971.167,26400000.0,91400000,1,92000000,13100000.0,34500000.0,91400000,1,634136,158534.0,314746.365,630649,181,0,0,0,0,172,112,0.086356108,0.053972568,0,7300,833.0714286,2033.250541,4134107.764,0,0,0,0,1,0,0,0,0,897.1538462,7.0,2320.2,172,0,0,0,0,0,0,8,56,5,11601,256,229,6,20,607063.0,0.0,607063,607063,91400000.0,0.0,91400000,91400000,DDoS,-1,-0.0031559964317794398,32.0,32.0,🚨 DDoS Attack
80,72170402,8,4,56,11607,20,0,7.0,5.656854249,11595,0,2901.75,5795.50069,161.6036447,0.166273149,6560945.636,20200000.0,67400000,5,71300000,10200000.0,25300000.0,67400000,48,898369,299456.3333,517998.2272,897589,5,0,0,0,0,172,92,0.110848766,0.055424383,0,11595,897.6153846,3214.167532,10300000.0,0,0,0,0,1,0,0,0,0,972.4166667,7.0,2901.75,172,0,0,0,0,0,0,8,56,4,11607,256,229,6,20,3869253.0,0.0,3869253,3869253,67400000.0,0.0,67400000,67400000,DDoS,-1,-0.03003046912144758,32.0,32.0,🚨 DDoS Attack
80,101543362,9,4,62,11601,20,0,6.888888889,5.30199124,8760,0,2900.25,4128.319301,114.8573355,0.128024124,8461946.833,26500000.0,92100000,1,102000000,12700000.0,32300000.0,92100000,1,37100,12366.66667,15869.60328,30410,575,0,0,0,0,192,92,0.088632086,0.039392038,0,8760,833.5,2402.71381,5773033.654,0,0,0,0,1,0,0,0,0,897.6153846,6.888888889,2900.25,192,0,0,0,0,0,0,9,62,4,11601,256,229,7,20,2058.0,0.0,2058,2058,50800000.0,58500000.0,92100000,9393730,DDoS,-1,-0.0458588210175378,31.0,31.0,🚨 DDoS Attack
80,89199240,8,5,56,11607,20,0,7.0,5.656854249,10135,0,2321.4,4413.201989,130.7522351,0.145741152,7433270.0,24300000.0,84600000,3,88300000,12600000.0,31800000.0,84600000,3,919075,229768.75,458838.9743,918027,6,0,0,0,0,172,112,0.089686863,0.056054289,0,10135,833.5,2705.044255,7317264.423,0,0,0,0,1,0,0,0,0,897.6153846,7.0,2321.4,172,0,0,0,0,0,0,8,56,5,11607,256,229,6,20,3681911.0,0.0,3681911,3681911,84600000.0,0.0,84600000,84600000,DDoS,-1,-0.020371810007666302,32.0,32.0,🚨 DDoS Attack
80,84872845,8,6,56,11607,20,0,7.0,5.656854249,4380,0,1934.5,2177.344966,137.417333,0.164952642,6528680.385,22300000.0,80700000,3,84800000,12100000.0,30300000.0,80700000,3,85849,17169.8,37697.88689,84602,3,0,0,0,0,172,132,0.094258652,0.070693989,0,4380,777.9333333,1627.46176,2648631.781,0,0,0,0,1,0,0,0,0,833.5,7.0,1934.5,172,0,0,0,0,0,0,8,56,6,11607,256,229,6,20,4043937.0,0.0,4043937,4043937,80700000.0,0.0,80700000,80700000,DDoS,-1,-0.0030124187948388226,32.0,32.0,🚨 DDoS Attack
80,80689847,8,5,56,11607,20,0,7.0,5.656854249,10135,0,2321.4,4413.201989,144.5411094,0.161110728,6724153.917,21900000.0,76300000,3,80200000,11500000.0,28600000.0,76300000,167,452914,113228.5,225755.9545,451862,5,0,0,0,0,172,112,0.099145063,0.061965665,0,10135,833.5,2705.044255,7317264.423,0,0,0,0,1,0,0,0,0,897.6153846,7.0,2321.4,172,0,0,0,0,0,0,8,56,5,11607,256,229,6,20,3922524.0,0.0,3922524,3922524,76300000.0,0.0,76300000,76300000,DDoS,-1,-0.016394399950842797,32.0,32.0,🚨 DDoS Attack
80,101596513,9,6,62,11601,20,0,6.888888889,5.30199124,4380,0,1933.5,1757.789948,114.797247,0.147642863,7256893.786,26600000.0,99700000,1,101000000,12600000.0,35200000.0,99700000,1,854276,170855.2,367443.8145,827848,17,0,0,0,0,192,132,0.088585718,0.059057145,0,4380,729.3125,1399.285566,1958000.096,0,0,0,0,1,0,0,0,0,777.9333333,6.888888889,1933.5,192,0,0,0,0,0,0,9,62,6,11601,256,229,7,20,1020024.0,0.0,1020024,1020024,99700000.0,0.0,99700000,99700000,DDoS,-1,-0.0030260041752030453,32.0,32.0,🚨 DDoS Attack
80,100171439,8,5,56,11601,20,0,7.0,5.656854249,5840,0,2320.2,2658.195854,116.3704956,0.129777511,8347619.917,26700000.0,93000000,1,100000000,14300000.0,34800000.0,93000000,1,28066,7016.5,8269.231423,16902,188,0,0,0,0,172,112,0.079863084,0.049914427,0,5840,833.0714286,1870.113138,3497323.148,0,0,0,0,1,0,0,0,0,897.1538462,7.0,2320.2,172,0,0,0,0,0,0,8,56,5,11601,256,229,6,20,1003.0,0.0,1003,1003,50100000.0,60700000.0,93000000,7155878,DDoS,-1,-0.015391807188857243,31.0,31.0,🚨 DDoS Attack
80,97641540,8,5,56,11601,20,0,7.0,5.656854249,4380,0,2320.2,2207.341206,119.3856631,0.133140055,8136795.0,25800000.0,89900000,3,95900000,13700000.0,33700000.0,89900000,3,1778270,444567.5,882097.1353,1767695,132,0,0,0,0,172,112,0.081932342,0.051207713,0,4380,833.0714286,1679.986285,2822353.918,0,0,0,0,1,0,0,0,0,897.1538462,7.0,2320.2,172,0,0,0,0,0,0,8,56,5,11601,256,229,6,20,997.0,0.0,997,997,47900000.0,59300000.0,89900000,5998850,DDoS,-1,-0.002383404577553927,31.0,31.0,🚨 DDoS Attack
80,102571417,9,7,62,11607,20,0,6.888888889,5.30199124,4380,0,1658.142857,1942.877285,113.7646368,0.155988876,6838094.467,25800000.0,100000000,1,102000000,12800000.0,35300000.0,100000000,1,541604,90267.33333,219693.4322,538711,50,0,0,0,0,192,152,0.087743742,0.068245133,0,4380,686.7647059,1455.107536,2117337.941,0,0,0,0,1,0,0,0,0,729.6875,6.888888889,1658.142857,192,0,0,0,0,0,0,9,62,7,11607,256,229,7,20,1879945.0,0.0,1879945,1879945,100000000.0,0.0,100000000,100000000,DDoS,-1,-0.013440235608701334,32.0,32.0,🚨 DDoS Attack
80,101597899,8,5,56,11607,20,0,7.0,5.656854249,10220,0,2321.4,4455.182578,114.795681,0.127955402,8466491.583,27500000.0,95700000,1,101000000,14400000.0,35900000.0,95700000,3,898648,224662.0,448620.8201,897593,1,0,0,0,0,172,112,0.078741786,0.049213616,0,10220,833.5,2726.136143,7431818.269,0,0,0,0,1,0,0,0,0,897.6153846,7.0,2321.4,172,0,0,0,0,0,0,8,56,5,11607,256,229,6,20,985.0,0.0,985,985,50300000.0,64100000.0,95700000,5025886,DDoS,-1,-0.03895234636998712,31.0,31.0,🚨 DDoS Attack
80,93568817,8,4,56,11601,20,0,7.0,5.656854249,8760,0,2900.25,4128.319301,124.582103,0.128247854,8506256.091,24300000.0,81000000,49,92400000,13200000.0,30200000.0,81000000,249,1177249,392416.3333,667454.2372,1163085,189,0,0,0,0,172,92,0.085498569,0.042749285,0,8760,897.1538462,2488.507044,6192667.308,0,0,0,0,1,0,0,0,0,971.9166667,7.0,2900.25,172,0,0,0,0,0,0,8,56,4,11601,256,229,6,20,1773.0,0.0,1773,1773,46200000.0,49200000.0,81000000,11400000,DDoS,-1,-0.012415566835761838,31.0,31.0,🚨 DDoS Attack
80,90909895,9,5,62,11601,20,0,6.888888889,5.30199124,8760,0,2320.2,3668.897,128.2918653,0.153998638,6993068.846,24200000.0,87600000,1,90400000,11300000.0,30800000.0,87600000,1,533342,133335.5,264120.0989,529511,176,0,0,0,0,192,112,0.098999124,0.054999514,0,8760,777.9333333,2262.786603,5120203.21,0,0,0,0,1,0,0,0,0,833.5,6.888888889,2320.2,192,0,0,0,0,0,0,9,62,5,11601,256,229,7,20,2777989.0,0.0,2777989,2777989,87600000.0,0.0,87600000,87600000,DDoS,-1,-0.02625622469045863,32.0,32.0,🚨 DDoS Attack
80,82148800,8,4,56,11607,20,0,7.0,5.656854249,11595,0,2901.75,5795.50069,141.9740763,0.146076388,7468072.727,23800000.0,79100000,4,81000000,11600000.0,29800000.0,79100000,4,1109809,369936.3333,639835.9471,1108755,5,0,0,0,0,172,92,0.097384259,0.048692129,0,11595,897.6153846,3214.167532,10300000.0,0,0,0,0,1,0,0,0,0,972.4166667,7.0,2901.75,172,0,0,0,0,0,0,8,56,4,11607,256,229,6,20,1928979.0,0.0,1928979,1928979,79100000.0,0.0,79100000,79100000,DDoS,-1,-0.034751363755316955,32.0,32.0,🚨 DDoS Attack
80,86736582,8,4,56,11601,20,0,7.0,5.656854249,8760,0,2900.25,4128.319301,134.3954273,0.138349929,7885143.818,25100000.0,83400000,3,85900000,12300000.0,31400000.0,83400000,3,836944,278981.3333,473632.7592,825855,556,0,0,0,0,172,92,0.092233286,0.046116643,0,8760,897.1538462,2488.507044,6192667.308,0,0,0,0,1,0,0,0,0,971.9166667,7.0,2900.25,172,0,0,0,0,0,0,8,56,4,11601,256,229,6,20,2455960.0,0.0,2455960,2455960,83400000.0,0.0,83400000,83400000,DDoS,-1,-0.03043676663993944,32.0,32.0,🚨 DDoS Attack
80,97679908,8,5,56,11607,20,0,7.0,5.656854249,10135,0,2321.4,4413.201989,119.4001944,0.133087758,8139992.333,26400000.0,91800000,1,97600000,13900000.0,34400000.0,91800000,1,30966,7741.5,14615.98845,29660,172,0,0,0,0,172,112,0.081900159,0.051187599,0,10135,833.5,2705.044255,7317264.423,0,0,0,0,1,0,0,0,0,897.6153846,7.0,2321.4,172,0,0,0,0,0,0,8,56,5,11607,256,229,6,20,1012.0,0.0,1012,1012,48800000.0,60800000.0,91800000,5848878,DDoS,-1,-0.03661252522337921,31.0,31.0,🚨 DDoS Attack
80,97908803,8,5,56,11607,20,0,7.0,5.656854249,10135,0,2321.4,4413.201989,119.1210559,0.132776621,8159066.917,25700000.0,89600000,6,97500000,13900000.0,33500000.0,89600000,207,412500,103125.0,205636.8913,411580,6,0,0,0,0,172,112,0.08170869,0.051067931,0,10135,833.5,2705.044255,7317264.423,0,0,0,0,1,0,0,0,0,897.6153846,7.0,2321.4,172,0,0,0,0,0,0,8,56,5,11607,256,229,6,20,886.0,0.0,886,886,48700000.0,57800000.0,89600000,7910872,DDoS,-1,-0.02055884877777081,31.0,31.0,🚨 DDoS Attack
80,90908681,9,4,62,11601,20,0,6.888888889,5.30199124,8760,0,2900.25,4128.319301,128.2935785,0.143000645,7575723.417,25200000.0,87600000,0,90400000,11300000.0,30800000.0,87600000,0,533114,177704.6667,304800.0179,529654,388,0,0,0,0,192,92,0.099000446,0.044000198,0,8760,833.5,2402.71381,5773033.654,0,0,0,0,1,0,0,0,0,897.6153846,6.888888889,2900.25,192,0,0,0,0,0,0,9,62,4,11601,256,229,7,20,2772952.0,0.0,2772952,2772952,87600000.0,0.0,87600000,87600000,DDoS,-1,-0.037424540741943124,32.0,32.0,🚨 DDoS Attack
80,98979021,8,6,56,11601,20,0,7.0,5.656854249,2920,0,1933.5,1495.722401,117.7724318,0.141444115,7613770.846,26600000.0,96200000,45,98100000,14000000.0,36200000.0,96200000,386,913756,182751.2,394124.7871,887503,66,0,0,0,0,172,132,0.080825208,0.060618906,0,2920,777.5333333,1324.190905,1753481.552,0,0,0,0,1,0,0,0,0,833.0714286,7.0,1933.5,172,0,0,0,0,0,0,8,56,6,11601,256,229,6,20,1889980.0,0.0,1889980,1889980,96200000.0,0.0,96200000,96200000,DDoS,-1,-0.023547012314252935,32.0,32.0,🚨 DDoS Attack
80,92638079,8,5,56,11601,20,0,7.0,5.656854249,7300,0,2320.2,3022.508098,125.8337838,0.140331062,7719839.917,26400000.0,91400000,1,92000000,13100000.0,34500000.0,91400000,1,635591,158897.75,314817.5746,631120,185,0,0,0,0,172,112,0.086357577,0.053973485,0,7300,833.0714286,2033.250541,4134107.764,0,0,0,0,1,0,0,0,0,897.1538462,7.0,2320.2,172,0,0,0,0,0,0,8,56,5,11601,256,229,6,20,600753.0,0.0,600753,600753,91400000.0,0.0,91400000,91400000,DDoS,-1,-0.0031559964317794398,32.0,32.0,🚨 DDoS Attack
80,100782022,8,4,56,11601,20,0,7.0,5.656854249,8760,0,2900.25,4128.319301,115.6654706,0.119068855,9162002.0,28400000.0,94700000,4,101000000,14400000.0,35500000.0,94700000,4,32826,10942.0,10777.06138,21740,186,0,0,0,0,172,92,0.079379237,0.039689618,0,8760,897.1538462,2488.507044,6192667.308,0,0,0,0,1,0,0,0,0,971.9166667,7.0,2900.25,172,0,0,0,0,0,0,8,56,4,11601,256,229,6,20,2002.0,0.0,2002,2002,50400000.0,62700000.0,94700000,6024858,DDoS,-1,-0.047446708309705876,31.0,31.0,🚨 DDoS Attack
80,100184656,8,6,56,11607,20,0,7.0,5.656854249,5840,0,1934.5,2538.919278,116.4150327,0.139741958,7706512.0,27300000.0,98600000,3,100000000,14300000.0,37200000.0,98600000,3,116173,23234.6,51334.98153,115062,3,0,0,0,0,172,132,0.079852547,0.059889411,0,5840,777.9333333,1804.898987,3257660.352,0,0,0,0,1,0,0,0,0,833.5,7.0,1934.5,172,0,0,0,0,0,0,8,56,6,11607,256,229,6,20,1508556.0,0.0,1508556,1508556,98600000.0,0.0,98600000,98600000,DDoS,-1,-0.018125345540705662,32.0,32.0,🚨 DDoS Attack
80,90070912,8,5,56,11607,20,0,7.0,5.656854249,10135,0,2321.4,4413.201989,129.4868647,0.144330725,7505909.333,24900000.0,86500000,3,88600000,12700000.0,32600000.0,86500000,3,1520592,380148.0,759586.7537,1519528,8,0,0,0,0,172,112,0.088818907,0.055511817,0,10135,833.5,2705.044255,7317264.423,0,0,0,0,1,0,0,0,0,897.6153846,7.0,2321.4,172,0,0,0,0,0,0,8,56,5,11607,256,229,6,20,2046971.0,0.0,2046971,2046971,86500000.0,0.0,86500000,86500000,DDoS,-1,-0.01984395314398113,32.0,32.0,🚨 DDoS Attack
80,77188164,8,5,56,11601,20,0,7.0,5.656854249,7300,0,2320.2,3022.508098,151.0205632,0.168419604,6432347.0,20800000.0,72200000,1,77200000,11000000.0,27000000.0,72200000,1,15147,3786.75,5194.096866,11280,193,0,0,0,0,172,112,0.103642833,0.064776771,0,7300,833.0714286,2033.250541,4134107.764,0,0,0,0,1,0,0,0,0,897.1538462,7.0,2320.2,172,0,0,0,0,0,0,8,56,5,11601,256,229,6,20,4987041.0,0.0,4987041,4987041,72200000.0,0.0,72200000,72200000,DDoS,-1,-0.0016403492158219013,32.0,32.0,🚨 DDoS Attack
80,92534874,8,6,56,11601,20,0,7.0,5.656854249,5840,0,1933.5,2189.772933,125.9741273,0.151294311,7118067.231,24200000.0,87600000,3,92500000,13200000.0,32800000.0,87600000,3,41448,8289.6,16883.8834,38423,45,0,0,0,0,172,132,0.086453892,0.064840419,0,5840,777.5333333,1633.102694,2667024.41,0,0,0,0,1,0,0,0,0,833.0714286,7.0,1933.5,172,0,0,0,0,0,0,8,56,6,11601,256,229,6,20,4912866.0,0.0,4912866,4912866,87600000.0,0.0,87600000,87600000,DDoS,-1,-0.011580365896403544,32.0,32.0,🚨 DDoS Attack
80,73351933,8,4,56,11607,20,0,7.0,5.656854249,11595,0,2901.75,5795.50069,159.0005815,0.163594871,6668357.545,19400000.0,64600000,0,72200000,10300000.0,24100000.0,64600000,0,1105514,368504.6667,637605.5421,1104748,5,0,0,0,0,172,92,0.109063247,0.054531624,0,11595,897.6153846,3214.167532,10300000.0,0,0,0,0,1,0,0,0,0,972.4166667,7.0,2901.75,172,0,0,0,0,0,0,8,56,4,11607,256,229,6,20,1011.0,0.0,1011,1011,36100000.0,40300000.0,64600000,7632804,DDoS,-1,-0.002496180148967353,31.0,31.0,🚨 DDoS Attack
80,97900268,8,4,56,11607,20,0,7.0,5.656854249,11595,0,2901.75,5795.50069,119.131441,0.12257372,8900024.364,28000000.0,93100000,3,97200000,13900000.0,35000000.0,93100000,3,699126,233042.0,402857.7812,698222,192,0,0,0,0,172,92,0.081715813,0.040857907,0,11595,897.6153846,3214.167532,10300000.0,0,0,0,0,1,0,0,0,0,972.4166667,7.0,2901.75,172,0,0,0,0,0,0,8,56,4,11607,256,229,6,20,4052883.0,0.0,4052883,4052883,93100000.0,0.0,93100000,93100000,DDoS,-1,-0.058118452525359965,32.0,32.0,🚨 DDoS Attack
80,101926324,9,5,62,11601,20,0,6.888888889,5.30199124,4380,0,2320.2,2207.341206,114.4257886,0.137354115,7840486.462,25100000.0,90700000,1,102000000,12700000.0,31700000.0,90700000,1,28064,7016.0,13411.09198,27131,187,0,0,0,0,192,112,0.088299074,0.049055041,0,4380,777.9333333,1632.89937,2666360.352,0,0,0,0,1,0,0,0,0,833.5,6.888888889,2320.2,192,0,0,0,0,0,0,9,62,5,11601,256,229,7,20,1025.0,0.0,1025,1025,50900000.0,56200000.0,90700000,11200000,DDoS,-1,-0.004893574723228822,31.0,31.0,🚨 DDoS Attack
80,70989174,9,3,62,11601,20,0,6.888888889,5.30199124,11595,0,3867.0,6692.644993,164.2926568,0.16903986,6453561.273,18300000.0,61000000,41,70500000,8806359.5,21300000.0,61000000,41,547150,273575.0,374215.0507,538185,8965,0,0,0,0,192,72,0.126779895,0.042259965,0,11595,897.6153846,3214.167532,10300000.0,0,0,0,0,1,0,0,0,0,972.4166667,6.888888889,3867.0,192,0,0,0,0,0,0,9,62,3,11601,256,229,7,20,774.0,0.0,774,774,35200000.0,36400000.0,61000000,9446827,DDoS,-1,-0.01338737713973448,31.0,31.0,🚨 DDoS Attack
80,92636025,8,5,56,11607,20,0,7.0,5.656854249,10220,0,2321.4,4455.182578,125.9013435,0.140334173,7719668.75,25200000.0,87600000,3,92400000,13200000.0,32900000.0,87600000,3,203592,50898.0,99583.3564,200264,186,0,0,0,0,172,112,0.086359491,0.053974682,0,10220,833.5,2726.136143,7431818.269,0,0,0,0,1,0,0,0,0,897.6153846,7.0,2321.4,172,0,0,0,0,0,0,8,56,5,11607,256,229,6,20,4796007.0,0.0,4796007,4796007,87600000.0,0.0,87600000,87600000,DDoS,-1,-0.031108637779264647,32.0,32.0,🚨 DDoS Attack
80,88139859,8,4,56,11601,20,0,7.0,5.656854249,8760,0,2900.25,4128.319301,132.2557142,0.136147257,8012714.455,23800000.0,79500000,1,87200000,12500000.0,29700000.0,79500000,1,917249,305749.6667,518138.197,903998,192,0,0,0,0,172,92,0.090764838,0.045382419,0,8760,897.1538462,2488.507044,6192667.308,0,0,0,0,1,0,0,0,0,971.9166667,7.0,2900.25,172,0,0,0,0,0,0,8,56,4,11601,256,229,6,20,1004.0,0.0,1004,1004,43600000.0,50800000.0,79500000,7687863,DDoS,-1,-0.005206458852212159,31.0,31.0,🚨 DDoS Attack
80,73059072,8,4,56,11601,20,0,7.0,5.656854249,8760,0,2900.25,4128.319301,159.5558181,0.164250649,6641733.818,20500000.0,68200000,7,73000000,10400000.0,25600000.0,68200000,7,84421,28140.33333,24486.47989,47597,645,0,0,0,0,172,92,0.109500433,0.054750216,0,8760,897.1538462,2488.507044,6192667.308,0,0,0,0,1,0,0,0,0,971.9166667,7.0,2900.25,172,0,0,0,0,0,0,8,56,4,11601,256,229,6,20,4724696.0,0.0,4724696,4724696,68200000.0,0.0,68200000,68200000,DDoS,-1,-0.01748840523490125,32.0,32.0,🚨 DDoS Attack
80,72495231,8,4,56,11607,20,0,7.0,5.656854249,11595,0,2901.75,5795.50069,160.8795481,0.16552813,6590475.545,21100000.0,70200000,1,71200000,10200000.0,26500000.0,70200000,1,1252348,417449.3333,722199.2413,1251373,5,0,0,0,0,172,92,0.110352086,0.055176043,0,11595,897.6153846,3214.167532,10300000.0,0,0,0,0,1,0,0,0,0,972.4166667,7.0,2901.75,172,0,0,0,0,0,0,8,56,4,11607,256,229,6,20,996001.0,0.0,996001,996001,70200000.0,0.0,70200000,70200000,DDoS,-1,-0.017658176515751967,32.0,32.0,🚨 DDoS Attack
80,99942321,8,4,56,11601,20,0,7.0,5.656854249,8760,0,2900.25,4128.319301,116.6372752,0.120069255,9085665.545,29400000.0,97700000,3,98800000,14100000.0,36900000.0,97700000,3,1111062,370354.0,628980.9404,1096593,184,0,0,0,0,172,92,0.08004617,0.040023085,0,8760,897.1538462,2488.507044,6192667.308,0,0,0,0,1,0,0,0,0,971.9166667,7.0,2900.25,172,0,0,0,0,0,0,8,56,4,11601,256,229,6,20,1092097.0,0.0,1092097,1092097,97700000.0,0.0,97700000,97700000,DDoS,-1,-0.03444127378017714,32.0,32.0,🚨 DDoS Attack
